claim_id,policy_id,customer_id,agent_id,claim_type,incident_date,claim_amount,days_since_policy_start,previous_claims_count,customer_age,policy_premium_ratio,surveyor_mismatch_flag,status,is_fraud
CLM-0001,POL-0484,CUST-0070,AGT-0016,life,2025-09-07,59637.8,185,2,50,1.25,0,rejected,0
CLM-0002,POL-0124,CUST-0203,AGT-0001,health,2025-08-07,88160.67,349,2,53,2.53,1,settled,0
CLM-0003,POL-0159,CUST-0064,AGT-0019,property_damage,2026-04-27,180235.42,168,3,34,1.96,1,settled,0
CLM-0004,POL-0163,CUST-0271,AGT-0001,property_damage,2026-03-15,33376.95,60,2,51,1.06,0,settled,0
CLM-0005,POL-0095,CUST-0028,AGT-0004,health,2026-02-02,495084.46,40,5,30,8.24,1,rejected,1
CLM-0006,POL-0353,CUST-0039,AGT-0001,life,2025-10-01,31146.89,649,3,48,1.34,0,pending,0
CLM-0007,POL-0017,CUST-0186,AGT-0018,motor_accident,2026-03-02,193918.94,306,3,39,10.58,0,rejected,0
CLM-0008,POL-0251,CUST-0114,AGT-0008,life,2025-12-22,174021.11,282,3,50,1.97,0,settled,0
CLM-0009,POL-0275,CUST-0259,AGT-0006,motor_accident,2026-01-26,175777.68,69,0,53,8.55,0,settled,0
CLM-0010,POL-0286,CUST-0149,AGT-0012,property_damage,2026-01-05,154206.18,80,1,43,1.81,0,settled,0
CLM-0011,POL-0314,CUST-0288,AGT-0016,motor_accident,2026-02-28,139540.83,175,3,53,3.07,0,settled,0
CLM-0012,POL-0202,CUST-0113,AGT-0001,motor_accident,2026-01-23,92922.74,213,3,62,3.48,0,settled,0
CLM-0013,POL-0047,CUST-0061,AGT-0015,health,2025-11-19,307289.45,24,3,29,9.14,1,rejected,1
CLM-0014,POL-0468,CUST-0274,AGT-0020,motor_accident,2025-10-29,174904.55,183,1,34,4.96,0,settled,0
CLM-0015,POL-0321,CUST-0280,AGT-0020,life,2025-09-18,180215.67,237,0,64,3.5,0,settled,0
CLM-0016,POL-0452,CUST-0163,AGT-0018,motor_accident,2026-01-26,47290.4,705,3,54,2.9,0,rejected,0
CLM-0017,POL-0322,CUST-0096,AGT-0006,motor_accident,2026-03-18,165924.24,80,1,34,5.11,0,rejected,0
CLM-0018,POL-0153,CUST-0220,AGT-0003,health,2025-10-10,22102.02,141,3,36,0.28,0,settled,0
CLM-0019,POL-0048,CUST-0061,AGT-0010,life,2026-03-24,67950.26,418,0,52,1.14,1,pending,0
CLM-0020,POL-0270,CUST-0008,AGT-0011,motor_accident,2025-09-26,45919.85,244,0,31,0.73,1,settled,0
CLM-0021,POL-0312,CUST-0281,AGT-0011,life,2025-09-21,55633.71,618,2,33,1.39,1,settled,0
CLM-0022,POL-0100,CUST-0053,AGT-0005,life,2025-11-01,158395.38,41,3,32,6.48,0,pending,1
CLM-0023,POL-0413,CUST-0075,AGT-0005,property_damage,2026-05-28,7202.97,236,2,41,0.14,0,pending,0
CLM-0024,POL-0203,CUST-0082,AGT-0004,life,2025-10-01,125118.7,59,1,37,2.53,0,settled,0
CLM-0025,POL-0080,CUST-0132,AGT-0016,motor_accident,2025-09-07,178951.37,579,2,54,2.99,0,settled,0
CLM-0026,POL-0275,CUST-0259,AGT-0006,motor_accident,2025-12-09,352089.17,22,5,22,17.13,0,settled,1
CLM-0027,POL-0293,CUST-0134,AGT-0011,motor_accident,2025-09-19,41538.89,149,2,45,0.75,0,rejected,0
CLM-0028,POL-0425,CUST-0033,AGT-0016,health,2026-04-14,47147.28,339,1,32,2.08,0,settled,0
CLM-0029,POL-0464,CUST-0137,AGT-0017,motor_accident,2025-09-09,42091.28,525,2,45,0.62,0,settled,0
CLM-0030,POL-0371,CUST-0113,AGT-0014,motor_accident,2025-12-12,285655.88,34,3,21,5.35,1,pending,1
CLM-0031,POL-0267,CUST-0003,AGT-0015,health,2026-01-05,150383.17,53,2,65,4.25,0,settled,0
CLM-0032,POL-0344,CUST-0100,AGT-0004,motor_accident,2026-02-15,202262.25,18,3,21,9.61,1,rejected,1
CLM-0033,POL-0139,CUST-0225,AGT-0004,property_damage,2025-08-28,396523.79,19,7,24,18.97,0,pending,1
CLM-0034,POL-0242,CUST-0051,AGT-0008,life,2025-07-20,14838.92,422,0,30,0.76,0,settled,0
CLM-0035,POL-0366,CUST-0118,AGT-0014,life,2026-04-12,162813.47,110,3,61,4.06,0,settled,0
CLM-0036,POL-0119,CUST-0073,AGT-0012,property_damage,2025-12-16,33025.73,661,2,48,1.46,0,settled,0
CLM-0037,POL-0244,CUST-0249,AGT-0017,health,2025-09-13,317528.23,11,5,33,20.07,1,pending,1
CLM-0038,POL-0285,CUST-0152,AGT-0009,health,2025-08-24,159524.03,575,3,50,5.01,1,pending,0
CLM-0039,POL-0034,CUST-0288,AGT-0009,health,2026-03-04,163713.56,635,3,52,5.82,1,settled,0
CLM-0040,POL-0429,CUST-0277,AGT-0006,health,2025-12-25,120471.81,504,2,60,1.89,0,rejected,0
CLM-0041,POL-0056,CUST-0217,AGT-0012,health,2025-08-07,121299.06,418,2,56,2.31,0,rejected,0
CLM-0042,POL-0339,CUST-0196,AGT-0013,property_damage,2025-12-29,335939.54,25,7,30,10.09,1,rejected,1
CLM-0043,POL-0368,CUST-0066,AGT-0019,health,2026-01-01,72131.6,121,0,64,6.49,1,pending,0
CLM-0044,POL-0001,CUST-0067,AGT-0014,life,2025-07-15,165046.89,397,0,43,5.45,0,settled,0
CLM-0045,POL-0196,CUST-0026,AGT-0006,property_damage,2025-10-30,46187.13,207,3,33,4.82,0,pending,0
CLM-0046,POL-0006,CUST-0016,AGT-0016,life,2025-10-10,155497.73,32,8,27,4.85,0,rejected,1
CLM-0047,POL-0093,CUST-0074,AGT-0013,motor_accident,2025-08-09,87704.31,490,3,47,10.22,0,settled,0
CLM-0048,POL-0138,CUST-0127,AGT-0010,property_damage,2026-04-04,111502.42,405,0,27,2.5,1,settled,0
CLM-0049,POL-0374,CUST-0091,AGT-0016,motor_accident,2026-01-26,196797.92,316,3,58,5.1,0,settled,0
CLM-0050,POL-0409,CUST-0096,AGT-0018,life,2025-08-11,124542.63,381,0,55,4.06,0,settled,0
CLM-0051,POL-0492,CUST-0281,AGT-0016,property_damage,2026-04-30,62450.5,201,0,63,3.09,0,settled,0
CLM-0052,POL-0294,CUST-0174,AGT-0017,motor_accident,2026-01-09,496627.69,40,3,25,11.24,1,pending,1
CLM-0053,POL-0440,CUST-0120,AGT-0003,property_damage,2026-03-03,149578.69,648,1,62,2.43,0,settled,0
CLM-0054,POL-0093,CUST-0074,AGT-0013,health,2025-09-20,173092.81,381,0,34,20.18,1,settled,0
CLM-0055,POL-0122,CUST-0125,AGT-0017,property_damage,2026-04-02,146569.82,201,1,61,4.43,0,pending,0
CLM-0056,POL-0244,CUST-0249,AGT-0017,health,2025-09-02,150499.36,575,1,49,9.51,0,rejected,0
CLM-0057,POL-0475,CUST-0048,AGT-0019,life,2025-07-23,79490.8,353,0,31,2.64,1,rejected,0
CLM-0058,POL-0139,CUST-0225,AGT-0004,health,2025-09-07,24163.97,700,3,54,1.16,0,settled,0
CLM-0059,POL-0281,CUST-0102,AGT-0020,life,2025-12-03,152966.66,5,3,27,4.13,0,pending,1
CLM-0060,POL-0099,CUST-0185,AGT-0004,motor_accident,2025-06-03,366789.03,4,7,31,7.81,0,settled,1
CLM-0061,POL-0067,CUST-0285,AGT-0016,life,2025-06-27,153952.26,693,1,32,2.76,0,rejected,0
CLM-0062,POL-0394,CUST-0090,AGT-0014,motor_accident,2025-11-17,181161.34,361,2,35,4.68,0,settled,0
CLM-0063,POL-0490,CUST-0076,AGT-0010,life,2026-04-06,39696.25,101,3,37,0.84,1,pending,0
CLM-0064,POL-0315,CUST-0007,AGT-0017,property_damage,2025-10-15,182958.8,295,0,27,2.03,0,pending,0
CLM-0065,POL-0335,CUST-0295,AGT-0008,life,2025-08-10,186914.28,710,3,42,5.0,0,pending,0
CLM-0066,POL-0224,CUST-0284,AGT-0018,life,2026-03-30,146914.65,101,1,25,3.33,0,settled,0
CLM-0067,POL-0350,CUST-0142,AGT-0012,property_damage,2026-04-20,15762.96,692,0,48,0.26,1,settled,0
CLM-0068,POL-0091,CUST-0271,AGT-0002,property_damage,2025-09-24,193665.03,706,1,44,2.97,0,pending,0
CLM-0069,POL-0072,CUST-0027,AGT-0009,property_damage,2025-09-18,158877.61,38,4,28,13.91,1,rejected,1
CLM-0070,POL-0019,CUST-0286,AGT-0012,life,2025-06-18,70855.13,73,3,32,1.89,0,rejected,0
CLM-0071,POL-0380,CUST-0162,AGT-0014,motor_accident,2026-01-27,185339.08,67,1,56,8.47,0,settled,0
CLM-0072,POL-0089,CUST-0048,AGT-0013,motor_accident,2026-04-07,181409.16,129,3,64,4.25,0,pending,0
CLM-0073,POL-0412,CUST-0052,AGT-0009,health,2025-12-18,70781.91,724,3,45,1.36,0,settled,0
CLM-0074,POL-0304,CUST-0281,AGT-0017,health,2025-10-19,17328.27,310,1,51,0.45,0,settled,0
CLM-0075,POL-0069,CUST-0124,AGT-0008,life,2026-04-20,446578.35,40,6,33,23.27,0,pending,1
CLM-0076,POL-0362,CUST-0188,AGT-0019,property_damage,2025-09-06,177948.45,456,3,33,4.51,0,settled,0
CLM-0077,POL-0313,CUST-0177,AGT-0005,motor_accident,2025-08-19,121273.03,541,0,65,2.94,0,settled,0
CLM-0078,POL-0049,CUST-0245,AGT-0005,health,2026-04-04,173232.56,582,1,54,5.92,0,settled,0
CLM-0079,POL-0091,CUST-0271,AGT-0002,property_damage,2025-07-20,184921.24,85,2,43,2.83,0,settled,0
CLM-0080,POL-0054,CUST-0234,AGT-0019,motor_accident,2026-01-31,185347.96,210,1,26,6.07,0,settled,0
CLM-0081,POL-0215,CUST-0255,AGT-0005,health,2025-11-01,136986.25,363,1,32,2.42,0,rejected,0
CLM-0082,POL-0038,CUST-0294,AGT-0008,life,2025-11-21,99459.5,476,1,38,1.34,1,pending,0
CLM-0083,POL-0500,CUST-0199,AGT-0001,life,2025-10-09,70498.81,62,0,42,1.39,0,settled,0
CLM-0084,POL-0454,CUST-0278,AGT-0016,motor_accident,2025-11-02,35573.68,683,1,61,0.58,1,rejected,0
CLM-0085,POL-0303,CUST-0050,AGT-0008,health,2025-08-02,95238.77,44,3,40,1.23,0,rejected,0
CLM-0086,POL-0214,CUST-0094,AGT-0020,motor_accident,2025-10-12,12811.44,511,0,52,0.32,1,settled,0
CLM-0087,POL-0386,CUST-0047,AGT-0005,motor_accident,2026-05-23,406125.2,14,4,26,9.3,1,pending,1
CLM-0088,POL-0361,CUST-0053,AGT-0017,life,2026-02-26,116224.26,627,0,54,1.18,0,settled,0
CLM-0089,POL-0361,CUST-0053,AGT-0017,life,2026-01-13,172774.62,102,3,46,1.75,1,settled,0
CLM-0090,POL-0407,CUST-0266,AGT-0015,property_damage,2026-05-05,138509.71,665,2,28,2.45,1,pending,0
CLM-0091,POL-0317,CUST-0152,AGT-0007,health,2026-03-22,278251.55,42,7,32,16.06,0,settled,1
CLM-0092,POL-0059,CUST-0179,AGT-0004,property_damage,2025-09-16,148789.11,624,1,39,5.63,0,settled,0
CLM-0093,POL-0033,CUST-0178,AGT-0015,property_damage,2025-10-12,93220.08,543,0,55,3.82,1,settled,0
CLM-0094,POL-0457,CUST-0187,AGT-0020,property_damage,2026-04-04,22025.21,430,1,43,0.28,0,settled,0
CLM-0095,POL-0448,CUST-0008,AGT-0006,life,2025-12-05,190660.43,53,2,51,4.58,1,settled,0
CLM-0096,POL-0097,CUST-0222,AGT-0006,property_damage,2025-06-30,455127.8,15,7,31,15.26,1,rejected,1
CLM-0097,POL-0304,CUST-0281,AGT-0017,property_damage,2026-03-05,108382.41,591,3,54,2.8,0,settled,0
CLM-0098,POL-0191,CUST-0203,AGT-0017,health,2025-07-19,155101.2,78,1,47,2.53,0,rejected,0
CLM-0099,POL-0094,CUST-0277,AGT-0011,property_damage,2025-08-10,168669.68,712,1,35,5.84,0,pending,0
CLM-0100,POL-0095,CUST-0028,AGT-0004,health,2025-08-31,142891.2,711,2,47,2.38,0,settled,0
CLM-0101,POL-0477,CUST-0020,AGT-0019,property_damage,2025-07-04,33349.86,499,2,34,0.49,0,settled,0
CLM-0102,POL-0497,CUST-0235,AGT-0018,motor_accident,2025-09-28,196234.51,617,1,61,7.24,0,rejected,0
CLM-0103,POL-0060,CUST-0002,AGT-0001,health,2025-08-06,83317.83,255,3,47,2.29,0,settled,0
CLM-0104,POL-0012,CUST-0098,AGT-0006,life,2025-12-20,447307.99,44,8,22,5.26,1,rejected,1
CLM-0105,POL-0466,CUST-0292,AGT-0006,property_damage,2025-12-03,82523.81,467,2,49,5.5,0,settled,0
CLM-0106,POL-0045,CUST-0004,AGT-0009,life,2025-10-31,178121.95,455,3,43,6.94,0,pending,0
CLM-0107,POL-0107,CUST-0203,AGT-0011,motor_accident,2026-05-28,197734.57,567,2,29,11.79,1,settled,0
CLM-0108,POL-0090,CUST-0088,AGT-0003,life,2026-05-10,143498.17,170,1,36,5.86,0,settled,0
CLM-0109,POL-0156,CUST-0053,AGT-0011,life,2026-03-29,149271.92,259,0,25,2.95,0,settled,0
CLM-0110,POL-0092,CUST-0144,AGT-0018,motor_accident,2025-07-29,139129.42,280,0,32,5.91,0,settled,0
CLM-0111,POL-0290,CUST-0082,AGT-0004,motor_accident,2026-01-19,55292.75,517,0,48,1.9,1,pending,0
CLM-0112,POL-0164,CUST-0188,AGT-0018,property_damage,2026-05-07,140190.19,395,1,28,3.49,0,settled,0
CLM-0113,POL-0264,CUST-0257,AGT-0004,property_damage,2026-01-13,127465.84,126,1,59,2.21,0,settled,0
CLM-0114,POL-0274,CUST-0207,AGT-0001,life,2025-11-02,165546.39,43,1,58,2.6,0,settled,0
CLM-0115,POL-0112,CUST-0036,AGT-0014,motor_accident,2026-03-25,48117.13,222,0,51,0.87,0,rejected,0
CLM-0116,POL-0160,CUST-0127,AGT-0009,motor_accident,2026-02-07,32107.73,482,2,36,0.71,0,pending,0
CLM-0117,POL-0158,CUST-0078,AGT-0014,life,2025-10-23,195576.39,6,6,32,8.05,0,pending,1
CLM-0118,POL-0407,CUST-0266,AGT-0015,motor_accident,2026-04-12,120669.35,510,0,41,2.13,0,settled,0
CLM-0119,POL-0462,CUST-0037,AGT-0001,property_damage,2025-12-02,135767.13,59,0,34,5.67,0,pending,0
CLM-0120,POL-0124,CUST-0203,AGT-0001,property_damage,2026-03-05,18325.72,622,0,58,0.52,0,rejected,0
CLM-0121,POL-0499,CUST-0182,AGT-0010,motor_accident,2026-02-28,185225.26,546,3,48,3.88,1,settled,0
CLM-0122,POL-0110,CUST-0202,AGT-0012,life,2025-11-28,84477.7,351,0,54,1.83,0,settled,0
CLM-0123,POL-0043,CUST-0291,AGT-0007,life,2026-02-05,27565.91,320,3,63,0.44,0,settled,0
CLM-0124,POL-0097,CUST-0222,AGT-0006,life,2025-06-21,179477.16,517,2,36,6.02,0,pending,0
CLM-0125,POL-0338,CUST-0055,AGT-0010,health,2026-04-28,28247.48,434,3,62,1.33,0,settled,0
CLM-0126,POL-0103,CUST-0293,AGT-0017,property_damage,2025-07-06,198178.96,155,1,52,3.02,0,rejected,0
CLM-0127,POL-0342,CUST-0276,AGT-0018,property_damage,2025-09-23,83866.5,526,2,34,8.18,0,settled,0
CLM-0128,POL-0051,CUST-0186,AGT-0003,property_damage,2026-03-14,166910.93,540,0,36,4.6,0,settled,0
CLM-0129,POL-0339,CUST-0196,AGT-0013,property_damage,2025-08-27,154676.56,507,1,43,4.65,0,settled,0
CLM-0130,POL-0010,CUST-0063,AGT-0009,life,2025-10-17,11161.71,470,0,49,0.43,0,settled,0
CLM-0131,POL-0286,CUST-0149,AGT-0012,life,2025-09-24,156979.58,198,3,52,1.85,0,settled,0
CLM-0132,POL-0338,CUST-0055,AGT-0010,life,2026-01-17,110181.52,511,3,60,5.19,0,settled,0
CLM-0133,POL-0347,CUST-0052,AGT-0010,property_damage,2025-12-04,195667.67,358,0,26,3.34,1,settled,0
CLM-0134,POL-0392,CUST-0047,AGT-0018,motor_accident,2025-06-27,71545.02,129,3,47,1.16,0,settled,0
CLM-0135,POL-0304,CUST-0281,AGT-0017,property_damage,2026-05-12,390796.94,20,3,26,10.1,0,pending,1
CLM-0136,POL-0264,CUST-0257,AGT-0004,property_damage,2025-08-11,56990.68,510,0,45,0.99,0,pending,0
CLM-0137,POL-0354,CUST-0019,AGT-0018,life,2026-02-17,70513.66,544,2,35,1.93,1,settled,0
CLM-0138,POL-0110,CUST-0202,AGT-0012,motor_accident,2025-08-08,14268.62,617,3,39,0.31,1,pending,0
CLM-0139,POL-0035,CUST-0120,AGT-0002,property_damage,2025-09-15,108557.41,467,1,47,4.91,0,settled,0
CLM-0140,POL-0161,CUST-0155,AGT-0007,health,2025-08-09,83448.69,669,3,60,2.27,0,settled,0
CLM-0141,POL-0480,CUST-0077,AGT-0011,health,2026-01-28,162742.03,474,0,58,4.55,0,pending,0
CLM-0142,POL-0211,CUST-0070,AGT-0006,health,2026-01-20,166891.8,95,1,51,3.56,0,settled,0
CLM-0143,POL-0123,CUST-0237,AGT-0008,life,2025-10-27,217170.6,16,5,28,8.18,1,rejected,1
CLM-0144,POL-0082,CUST-0025,AGT-0001,motor_accident,2026-04-19,10682.66,314,1,27,0.17,0,settled,0
CLM-0145,POL-0462,CUST-0037,AGT-0001,motor_accident,2025-09-06,179870.78,717,0,50,7.52,0,settled,0
CLM-0146,POL-0129,CUST-0069,AGT-0011,life,2026-01-31,22598.51,644,0,45,0.4,0,rejected,0
CLM-0147,POL-0055,CUST-0012,AGT-0013,property_damage,2025-06-07,194135.08,480,3,41,5.9,1,rejected,0
CLM-0148,POL-0217,CUST-0035,AGT-0012,property_damage,2026-05-21,53037.6,314,1,48,1.65,0,settled,0
CLM-0149,POL-0354,CUST-0019,AGT-0018,motor_accident,2025-08-31,135961.73,289,3,44,3.73,0,rejected,0
CLM-0150,POL-0005,CUST-0015,AGT-0003,health,2025-10-19,81630.24,291,2,30,1.57,0,settled,0
CLM-0151,POL-0141,CUST-0273,AGT-0009,motor_accident,2026-03-10,165523.57,533,3,51,3.29,0,settled,0
CLM-0152,POL-0181,CUST-0013,AGT-0008,health,2025-07-13,147200.16,590,2,54,4.59,0,settled,0
CLM-0153,POL-0206,CUST-0289,AGT-0007,health,2025-07-31,64581.77,619,0,32,1.5,0,settled,0
CLM-0154,POL-0245,CUST-0070,AGT-0017,property_damage,2026-02-27,31034.41,207,2,43,1.61,0,settled,0
CLM-0155,POL-0115,CUST-0182,AGT-0006,life,2026-02-19,158039.53,36,8,30,7.15,0,pending,1
CLM-0156,POL-0206,CUST-0289,AGT-0007,motor_accident,2026-05-24,122076.58,182,0,48,2.84,0,settled,0
CLM-0157,POL-0424,CUST-0121,AGT-0009,life,2026-03-26,28109.91,238,1,42,0.32,0,settled,0
CLM-0158,POL-0111,CUST-0282,AGT-0001,health,2026-05-17,60178.61,723,1,51,2.01,0,settled,0
CLM-0159,POL-0317,CUST-0152,AGT-0007,property_damage,2025-06-11,53422.0,626,3,30,3.08,0,settled,0
CLM-0160,POL-0363,CUST-0265,AGT-0013,health,2025-10-02,121453.21,104,0,60,5.54,0,rejected,0
CLM-0161,POL-0130,CUST-0073,AGT-0017,health,2026-01-18,79282.85,434,2,33,6.43,1,pending,0
CLM-0162,POL-0450,CUST-0128,AGT-0006,motor_accident,2026-03-27,22481.36,573,3,34,0.45,0,settled,0
CLM-0163,POL-0475,CUST-0048,AGT-0019,health,2025-12-21,181044.57,299,2,58,6.01,0,settled,0
CLM-0164,POL-0285,CUST-0152,AGT-0009,health,2026-05-13,133196.8,480,0,37,4.18,0,settled,0
CLM-0165,POL-0224,CUST-0284,AGT-0018,life,2025-10-09,463311.33,32,3,28,10.52,1,pending,1
CLM-0166,POL-0179,CUST-0005,AGT-0012,health,2025-08-06,453860.59,12,4,32,9.83,1,settled,1
CLM-0167,POL-0393,CUST-0116,AGT-0020,motor_accident,2026-01-06,86201.7,108,1,56,2.29,0,settled,0
CLM-0168,POL-0192,CUST-0016,AGT-0013,life,2025-10-11,190487.87,361,1,26,10.81,0,settled,0
CLM-0169,POL-0337,CUST-0033,AGT-0019,health,2026-02-12,489419.68,42,7,28,17.61,1,rejected,1
CLM-0170,POL-0409,CUST-0096,AGT-0018,health,2025-11-08,174753.43,39,6,22,5.7,1,pending,1
CLM-0171,POL-0199,CUST-0032,AGT-0003,life,2025-12-24,60562.5,699,1,32,1.73,0,rejected,0
CLM-0172,POL-0341,CUST-0006,AGT-0018,life,2026-04-15,278609.89,13,6,28,8.11,1,rejected,1
CLM-0173,POL-0096,CUST-0168,AGT-0001,health,2025-09-20,88073.33,71,2,54,1.86,0,settled,0
CLM-0174,POL-0149,CUST-0176,AGT-0002,property_damage,2026-01-24,20440.71,519,2,34,0.39,0,settled,0
CLM-0175,POL-0025,CUST-0076,AGT-0008,life,2025-06-27,183873.89,555,0,57,9.93,0,settled,0
CLM-0176,POL-0131,CUST-0096,AGT-0016,life,2026-05-08,154886.12,46,0,54,2.35,0,pending,0
CLM-0177,POL-0301,CUST-0234,AGT-0011,motor_accident,2025-07-26,152684.08,490,2,46,3.73,0,settled,0
CLM-0178,POL-0274,CUST-0207,AGT-0001,life,2025-06-29,288226.85,1,4,31,4.52,1,settled,1
CLM-0179,POL-0317,CUST-0152,AGT-0007,motor_accident,2026-02-23,125265.24,719,3,44,7.23,0,pending,0
CLM-0180,POL-0440,CUST-0120,AGT-0003,health,2026-04-17,318391.02,10,8,24,5.18,1,pending,1
CLM-0181,POL-0243,CUST-0138,AGT-0014,life,2025-08-05,27709.47,186,3,56,0.57,0,settled,0
CLM-0182,POL-0425,CUST-0033,AGT-0016,life,2025-08-08,14929.83,38,0,65,0.66,0,settled,0
CLM-0183,POL-0019,CUST-0286,AGT-0012,life,2025-08-09,99789.69,635,3,39,2.67,0,settled,0
CLM-0184,POL-0458,CUST-0098,AGT-0017,life,2026-05-21,178382.42,149,3,64,4.16,0,pending,0
CLM-0185,POL-0177,CUST-0139,AGT-0003,property_damage,2025-06-01,103989.01,631,2,63,2.61,0,settled,0
CLM-0186,POL-0408,CUST-0195,AGT-0019,health,2026-03-04,194333.62,195,1,43,12.32,0,pending,0
CLM-0187,POL-0407,CUST-0266,AGT-0015,motor_accident,2025-11-29,198784.61,340,1,38,3.51,1,rejected,0
CLM-0188,POL-0090,CUST-0088,AGT-0003,health,2026-03-31,179419.21,62,0,46,7.33,0,settled,0
CLM-0189,POL-0175,CUST-0023,AGT-0001,motor_accident,2025-06-04,155027.91,600,2,34,5.19,1,pending,0
CLM-0190,POL-0493,CUST-0270,AGT-0002,health,2025-07-13,26631.51,138,0,60,0.92,0,pending,0
CLM-0191,POL-0081,CUST-0087,AGT-0005,property_damage,2026-03-22,143091.86,548,3,31,1.82,0,pending,0
CLM-0192,POL-0497,CUST-0235,AGT-0018,motor_accident,2026-01-15,154961.47,281,3,46,5.71,0,settled,0
CLM-0193,POL-0323,CUST-0136,AGT-0005,life,2025-11-03,34564.19,572,3,39,1.45,0,rejected,0
CLM-0194,POL-0484,CUST-0070,AGT-0016,motor_accident,2025-12-09,200954.51,1,8,33,4.22,1,pending,1
CLM-0195,POL-0032,CUST-0203,AGT-0012,property_damage,2025-10-29,12233.28,686,1,61,0.28,0,settled,0
CLM-0196,POL-0370,CUST-0146,AGT-0003,life,2025-10-15,182300.02,38,2,58,3.38,1,settled,0
CLM-0197,POL-0404,CUST-0162,AGT-0016,property_damage,2025-11-13,91218.04,383,3,37,2.32,0,settled,0
CLM-0198,POL-0277,CUST-0011,AGT-0002,health,2026-05-20,23099.82,595,2,58,0.71,0,pending,0
CLM-0199,POL-0133,CUST-0249,AGT-0005,property_damage,2026-03-29,155960.77,462,0,28,1.75,0,pending,0
CLM-0200,POL-0153,CUST-0220,AGT-0003,health,2025-12-03,6016.61,377,1,62,0.08,1,settled,0
CLM-0201,POL-0366,CUST-0118,AGT-0014,property_damage,2025-10-11,148814.9,137,2,58,3.71,1,pending,0
CLM-0202,POL-0042,CUST-0084,AGT-0015,life,2025-08-03,298710.36,9,6,24,3.53,1,rejected,1
CLM-0203,POL-0300,CUST-0019,AGT-0018,health,2025-09-25,87567.33,480,3,51,7.42,0,settled,0
CLM-0204,POL-0442,CUST-0029,AGT-0009,property_damage,2026-04-01,140421.79,496,3,27,3.85,0,settled,0
CLM-0205,POL-0062,CUST-0017,AGT-0014,property_damage,2025-12-27,61470.16,565,1,32,2.26,0,settled,0
CLM-0206,POL-0073,CUST-0287,AGT-0007,life,2026-05-30,87242.61,342,2,38,0.97,0,pending,0
CLM-0207,POL-0446,CUST-0282,AGT-0017,life,2025-07-25,318411.75,20,7,28,5.7,1,pending,1
CLM-0208,POL-0326,CUST-0267,AGT-0003,life,2025-11-14,92736.23,489,1,45,1.89,0,settled,0
CLM-0209,POL-0277,CUST-0011,AGT-0002,motor_accident,2025-08-12,384655.34,29,8,25,11.84,0,rejected,1
CLM-0210,POL-0331,CUST-0099,AGT-0011,health,2025-09-30,345773.49,13,7,29,7.41,1,rejected,1
CLM-0211,POL-0338,CUST-0055,AGT-0010,life,2026-04-18,40049.96,49,2,38,1.89,0,settled,0
CLM-0212,POL-0302,CUST-0287,AGT-0020,property_damage,2025-11-17,451691.02,2,5,27,6.46,0,pending,1
CLM-0213,POL-0278,CUST-0243,AGT-0005,health,2026-05-01,33086.68,291,0,34,1.5,0,settled,0
CLM-0214,POL-0014,CUST-0299,AGT-0012,property_damage,2025-11-20,63114.75,131,2,34,1.44,0,rejected,0
CLM-0215,POL-0104,CUST-0155,AGT-0009,motor_accident,2026-01-14,121415.9,272,3,57,6.57,1,pending,0
CLM-0216,POL-0209,CUST-0031,AGT-0001,motor_accident,2026-01-25,160117.25,41,4,35,3.49,0,rejected,1
CLM-0217,POL-0291,CUST-0093,AGT-0020,health,2026-01-26,21362.13,681,1,34,0.25,0,settled,0
CLM-0218,POL-0232,CUST-0215,AGT-0018,life,2026-01-12,434425.3,40,5,31,8.35,0,rejected,1
CLM-0219,POL-0432,CUST-0177,AGT-0010,motor_accident,2025-12-29,119106.04,552,2,27,2.43,0,pending,0
CLM-0220,POL-0372,CUST-0086,AGT-0011,property_damage,2025-06-16,59494.37,472,1,64,1.45,1,rejected,0
CLM-0221,POL-0140,CUST-0085,AGT-0020,health,2025-07-05,196689.28,379,1,54,3.71,1,rejected,0
CLM-0222,POL-0462,CUST-0037,AGT-0001,motor_accident,2025-07-03,210737.61,36,8,32,8.81,1,rejected,1
CLM-0223,POL-0457,CUST-0187,AGT-0020,property_damage,2025-11-14,135964.55,718,0,47,1.73,0,pending,0
CLM-0224,POL-0237,CUST-0268,AGT-0014,property_damage,2026-02-22,42633.22,39,1,26,0.57,0,pending,0
CLM-0225,POL-0120,CUST-0179,AGT-0016,health,2025-07-09,193622.82,67,2,56,2.93,1,settled,0
CLM-0226,POL-0257,CUST-0030,AGT-0020,motor_accident,2026-03-27,112598.11,705,1,29,4.13,1,settled,0
CLM-0227,POL-0452,CUST-0163,AGT-0018,life,2026-05-30,157539.28,226,0,59,9.67,1,rejected,0
CLM-0228,POL-0222,CUST-0248,AGT-0001,motor_accident,2026-02-06,84340.8,154,3,56,4.11,0,pending,0
CLM-0229,POL-0230,CUST-0116,AGT-0009,health,2025-06-12,81412.48,372,0,61,1.48,0,settled,0
CLM-0230,POL-0101,CUST-0053,AGT-0001,motor_accident,2025-08-01,65607.14,671,0,26,2.67,0,settled,0
CLM-0231,POL-0127,CUST-0271,AGT-0011,health,2026-04-24,233425.72,22,3,34,10.42,1,rejected,1
CLM-0232,POL-0321,CUST-0280,AGT-0020,motor_accident,2026-03-27,29341.14,92,0,49,0.57,0,pending,0
CLM-0233,POL-0155,CUST-0217,AGT-0005,life,2025-11-07,89208.6,134,0,60,1.18,0,pending,0
CLM-0234,POL-0443,CUST-0196,AGT-0001,motor_accident,2025-12-09,133646.19,40,3,49,3.87,0,settled,0
CLM-0235,POL-0265,CUST-0071,AGT-0007,health,2025-08-11,42533.86,135,0,63,0.8,0,pending,0
CLM-0236,POL-0182,CUST-0193,AGT-0010,motor_accident,2026-03-27,146301.49,485,1,40,1.9,0,settled,0
CLM-0237,POL-0492,CUST-0281,AGT-0016,property_damage,2026-01-02,74760.01,627,1,34,3.7,0,settled,0
CLM-0238,POL-0301,CUST-0234,AGT-0011,health,2025-07-08,33197.07,273,0,52,0.81,0,rejected,0
CLM-0239,POL-0097,CUST-0222,AGT-0006,property_damage,2025-10-29,140482.41,508,2,62,4.71,1,settled,0
CLM-0240,POL-0449,CUST-0005,AGT-0002,life,2025-07-16,13227.47,254,0,65,0.32,0,settled,0
CLM-0241,POL-0414,CUST-0265,AGT-0018,motor_accident,2025-08-20,45036.69,218,0,48,0.84,0,pending,0
CLM-0242,POL-0100,CUST-0053,AGT-0005,health,2026-02-08,182978.21,398,0,26,7.48,0,rejected,0
CLM-0243,POL-0434,CUST-0281,AGT-0012,health,2025-11-18,39815.58,52,1,41,1.32,0,settled,0
CLM-0244,POL-0480,CUST-0077,AGT-0011,life,2025-06-01,93959.72,408,2,35,2.63,1,pending,0
CLM-0245,POL-0407,CUST-0266,AGT-0015,health,2026-05-08,108848.17,413,2,63,1.92,0,settled,0
CLM-0246,POL-0151,CUST-0155,AGT-0006,life,2026-02-13,68897.72,84,2,33,1.54,1,settled,0
CLM-0247,POL-0034,CUST-0288,AGT-0009,property_damage,2025-06-01,80682.59,690,2,56,2.87,1,settled,0
CLM-0248,POL-0243,CUST-0138,AGT-0014,life,2026-01-31,83184.48,627,0,38,1.71,0,settled,0
CLM-0249,POL-0456,CUST-0278,AGT-0012,motor_accident,2025-12-31,35655.82,413,2,60,1.1,0,settled,0
CLM-0250,POL-0299,CUST-0229,AGT-0011,property_damage,2025-09-19,329291.73,22,6,28,12.18,1,pending,1
CLM-0251,POL-0092,CUST-0144,AGT-0018,motor_accident,2026-01-10,56796.85,107,2,30,2.41,0,rejected,0
CLM-0252,POL-0037,CUST-0148,AGT-0011,property_damage,2026-02-23,111475.08,371,1,46,3.29,0,settled,0
CLM-0253,POL-0468,CUST-0274,AGT-0020,motor_accident,2025-10-02,155164.84,318,2,50,4.4,0,settled,0
CLM-0254,POL-0117,CUST-0229,AGT-0012,life,2025-10-07,151081.73,515,1,58,9.32,1,settled,0
CLM-0255,POL-0434,CUST-0281,AGT-0012,motor_accident,2025-11-21,155175.56,457,1,53,5.16,0,pending,0
CLM-0256,POL-0483,CUST-0281,AGT-0013,life,2025-06-12,102461.04,704,2,46,1.96,0,settled,0
CLM-0257,POL-0012,CUST-0098,AGT-0006,life,2025-11-17,11280.75,172,1,46,0.13,1,settled,0
CLM-0258,POL-0274,CUST-0207,AGT-0001,motor_accident,2025-06-20,97581.64,366,3,65,1.53,0,settled,0
CLM-0259,POL-0251,CUST-0114,AGT-0008,motor_accident,2025-10-11,219649.56,25,5,24,2.49,0,pending,1
CLM-0260,POL-0088,CUST-0290,AGT-0008,life,2026-04-26,182413.43,430,1,32,1.89,0,settled,0
CLM-0261,POL-0446,CUST-0282,AGT-0017,property_damage,2025-08-04,89279.13,710,3,35,1.6,1,settled,0
CLM-0262,POL-0104,CUST-0155,AGT-0009,life,2025-10-08,199942.2,5,6,30,10.82,0,pending,1
CLM-0263,POL-0148,CUST-0138,AGT-0011,health,2025-10-31,184184.69,385,2,50,2.14,1,settled,0
CLM-0264,POL-0197,CUST-0089,AGT-0012,health,2026-01-11,40771.64,612,0,50,1.82,0,rejected,0
CLM-0265,POL-0342,CUST-0276,AGT-0018,property_damage,2026-04-22,141118.58,252,3,51,13.77,1,settled,0
CLM-0266,POL-0210,CUST-0038,AGT-0012,life,2025-11-17,54289.49,548,0,54,1.11,0,settled,0
CLM-0267,POL-0204,CUST-0113,AGT-0019,motor_accident,2026-04-19,237712.01,9,5,31,10.19,1,rejected,1
CLM-0268,POL-0072,CUST-0027,AGT-0009,property_damage,2026-03-29,59432.67,195,1,26,5.2,1,settled,0
CLM-0269,POL-0040,CUST-0153,AGT-0019,motor_accident,2025-06-20,7186.07,309,1,53,0.08,0,settled,0
CLM-0270,POL-0429,CUST-0277,AGT-0006,motor_accident,2026-05-07,106960.52,708,0,49,1.67,0,settled,0
CLM-0271,POL-0192,CUST-0016,AGT-0013,health,2025-06-17,43997.21,46,3,26,2.5,0,settled,0
CLM-0272,POL-0409,CUST-0096,AGT-0018,property_damage,2025-12-17,134501.21,201,0,51,4.39,1,settled,0
CLM-0273,POL-0107,CUST-0203,AGT-0011,property_damage,2026-03-04,82037.46,468,0,39,4.89,0,pending,0
CLM-0274,POL-0200,CUST-0279,AGT-0001,health,2025-11-02,47918.76,703,2,64,1.13,0,settled,0
CLM-0275,POL-0365,CUST-0109,AGT-0005,life,2025-06-18,198153.6,612,1,41,7.57,0,rejected,0
CLM-0276,POL-0090,CUST-0088,AGT-0003,life,2025-11-17,177373.57,355,3,29,7.24,0,settled,0
CLM-0277,POL-0301,CUST-0234,AGT-0011,health,2025-07-18,7591.88,51,0,44,0.19,0,pending,0
CLM-0278,POL-0256,CUST-0142,AGT-0011,life,2025-12-14,34575.76,239,0,40,0.75,1,pending,0
CLM-0279,POL-0267,CUST-0003,AGT-0015,health,2025-08-28,85904.21,325,0,39,2.43,0,pending,0
CLM-0280,POL-0312,CUST-0281,AGT-0011,life,2026-04-26,106687.03,217,3,65,2.66,0,rejected,0
CLM-0281,POL-0481,CUST-0229,AGT-0020,life,2025-12-23,22893.08,636,1,40,0.52,1,pending,0
CLM-0282,POL-0218,CUST-0215,AGT-0006,life,2026-04-21,53549.04,322,3,65,2.95,0,rejected,0
CLM-0283,POL-0194,CUST-0191,AGT-0003,life,2025-10-25,91068.33,547,3,34,7.09,0,rejected,0
CLM-0284,POL-0276,CUST-0131,AGT-0018,life,2025-08-17,146696.41,293,3,54,6.7,0,settled,0
CLM-0285,POL-0070,CUST-0288,AGT-0014,property_damage,2025-09-22,43164.57,224,0,25,0.64,1,settled,0
CLM-0286,POL-0497,CUST-0235,AGT-0018,motor_accident,2025-11-15,79887.3,345,0,51,2.95,0,rejected,0
CLM-0287,POL-0391,CUST-0181,AGT-0013,life,2025-10-26,54775.39,386,3,65,1.22,0,settled,0
CLM-0288,POL-0018,CUST-0061,AGT-0005,health,2026-01-21,75475.79,722,0,34,1.58,0,settled,0
CLM-0289,POL-0007,CUST-0153,AGT-0015,motor_accident,2025-09-08,182307.03,25,6,32,3.93,1,settled,1
CLM-0290,POL-0425,CUST-0033,AGT-0016,motor_accident,2026-04-06,139908.18,542,3,62,6.17,0,settled,0
CLM-0291,POL-0138,CUST-0127,AGT-0010,motor_accident,2026-04-12,186353.29,437,2,25,4.18,0,pending,0
CLM-0292,POL-0214,CUST-0094,AGT-0020,health,2025-09-24,147943.24,204,1,48,3.75,0,pending,0
CLM-0293,POL-0291,CUST-0093,AGT-0020,life,2025-10-18,41199.42,90,1,37,0.49,0,settled,0
CLM-0294,POL-0041,CUST-0069,AGT-0017,life,2025-09-25,78657.06,313,0,46,3.17,0,settled,0
CLM-0295,POL-0032,CUST-0203,AGT-0012,motor_accident,2025-11-20,191266.68,711,0,31,4.45,0,settled,0
CLM-0296,POL-0243,CUST-0138,AGT-0014,property_damage,2025-06-25,122852.45,374,2,46,2.52,0,settled,0
CLM-0297,POL-0448,CUST-0008,AGT-0006,property_damage,2025-06-07,24534.59,497,3,33,0.59,0,settled,0
CLM-0298,POL-0232,CUST-0215,AGT-0018,property_damage,2026-05-23,133480.84,516,3,37,2.56,0,settled,0
CLM-0299,POL-0348,CUST-0157,AGT-0019,life,2025-06-28,123318.79,439,0,47,4.75,0,rejected,0
CLM-0300,POL-0151,CUST-0155,AGT-0006,property_damage,2025-06-21,143828.68,562,0,33,3.21,0,rejected,0
CLM-0301,POL-0459,CUST-0210,AGT-0011,motor_accident,2026-04-07,27557.34,708,1,40,0.4,0,settled,0
CLM-0302,POL-0476,CUST-0248,AGT-0006,motor_accident,2025-06-25,181016.46,317,1,41,2.3,0,pending,0
CLM-0303,POL-0047,CUST-0061,AGT-0015,life,2025-07-01,69896.22,259,0,46,2.08,0,settled,0
CLM-0304,POL-0414,CUST-0265,AGT-0018,health,2026-04-02,55523.32,327,0,32,1.03,0,settled,0
CLM-0305,POL-0489,CUST-0103,AGT-0012,life,2025-10-27,148698.99,348,0,62,2.69,1,settled,0
CLM-0306,POL-0267,CUST-0003,AGT-0015,property_damage,2026-03-18,120201.32,139,3,25,3.4,1,settled,0
CLM-0307,POL-0256,CUST-0142,AGT-0011,motor_accident,2026-01-11,33747.94,320,1,27,0.73,1,rejected,0
CLM-0308,POL-0324,CUST-0080,AGT-0002,health,2026-02-05,101529.98,415,0,46,9.87,0,settled,0
CLM-0309,POL-0439,CUST-0096,AGT-0004,life,2025-06-18,81402.53,705,1,26,4.47,1,settled,0
CLM-0310,POL-0201,CUST-0177,AGT-0019,life,2026-04-12,404364.11,19,8,35,6.36,0,pending,1
CLM-0311,POL-0436,CUST-0265,AGT-0020,life,2026-01-02,64294.43,700,1,61,2.07,0,rejected,0
CLM-0312,POL-0412,CUST-0052,AGT-0009,health,2025-11-20,148387.18,39,2,61,2.85,0,rejected,0
CLM-0313,POL-0475,CUST-0048,AGT-0019,property_damage,2025-08-01,274454.35,31,4,21,9.1,0,pending,1
CLM-0314,POL-0126,CUST-0096,AGT-0012,life,2025-06-11,234299.4,32,5,32,6.23,1,settled,1
CLM-0315,POL-0443,CUST-0196,AGT-0001,motor_accident,2026-03-30,79509.68,677,3,48,2.3,0,settled,0
CLM-0316,POL-0012,CUST-0098,AGT-0006,life,2025-07-05,197533.12,521,2,31,2.32,1,settled,0
CLM-0317,POL-0065,CUST-0296,AGT-0020,life,2026-04-29,172224.41,35,4,27,10.34,0,rejected,1
CLM-0318,POL-0366,CUST-0118,AGT-0014,motor_accident,2025-08-20,132081.63,242,0,36,3.29,1,settled,0
CLM-0319,POL-0021,CUST-0168,AGT-0020,motor_accident,2026-04-18,222180.47,11,3,29,9.0,1,settled,1
CLM-0320,POL-0187,CUST-0104,AGT-0005,property_damage,2025-06-28,38462.62,703,0,40,1.18,0,settled,0
CLM-0321,POL-0252,CUST-0243,AGT-0005,health,2026-03-20,106919.92,390,1,31,3.0,0,settled,0
CLM-0322,POL-0309,CUST-0261,AGT-0006,property_damage,2026-01-18,120397.71,314,1,64,3.08,0,settled,0
CLM-0323,POL-0234,CUST-0109,AGT-0007,property_damage,2025-07-11,238962.79,28,8,23,12.82,1,rejected,1
CLM-0324,POL-0289,CUST-0140,AGT-0013,life,2025-11-18,164999.1,649,1,51,4.02,0,pending,0
CLM-0325,POL-0139,CUST-0225,AGT-0004,property_damage,2025-12-12,188496.55,36,6,22,9.02,1,rejected,1
CLM-0326,POL-0141,CUST-0273,AGT-0009,property_damage,2025-08-03,282004.59,15,6,22,5.61,0,rejected,1
CLM-0327,POL-0271,CUST-0116,AGT-0012,health,2025-12-20,116570.82,318,2,63,2.82,0,rejected,0
CLM-0328,POL-0177,CUST-0139,AGT-0003,motor_accident,2025-06-14,137173.32,574,3,55,3.44,1,settled,0
CLM-0329,POL-0074,CUST-0109,AGT-0007,life,2026-02-27,148407.36,84,2,40,3.35,1,settled,0
CLM-0330,POL-0258,CUST-0255,AGT-0010,life,2025-12-22,190760.18,563,1,44,2.56,0,settled,0
CLM-0331,POL-0374,CUST-0091,AGT-0016,life,2026-05-26,23258.55,619,0,30,0.6,0,rejected,0
CLM-0332,POL-0478,CUST-0179,AGT-0014,motor_accident,2025-10-26,98532.91,557,0,50,1.05,0,settled,0
CLM-0333,POL-0379,CUST-0296,AGT-0017,health,2026-03-03,184489.5,570,0,63,9.03,0,pending,0
CLM-0334,POL-0181,CUST-0013,AGT-0008,health,2025-08-28,87430.84,418,1,48,2.73,0,rejected,0
CLM-0335,POL-0154,CUST-0116,AGT-0017,motor_accident,2025-10-06,56626.4,32,3,38,2.21,0,rejected,0
CLM-0336,POL-0183,CUST-0073,AGT-0009,health,2025-11-07,311123.86,20,5,22,13.22,0,pending,1
CLM-0337,POL-0252,CUST-0243,AGT-0005,property_damage,2026-02-05,108173.83,187,3,32,3.03,0,settled,0
CLM-0338,POL-0187,CUST-0104,AGT-0005,property_damage,2025-10-21,40525.5,305,0,53,1.24,0,pending,0
CLM-0339,POL-0098,CUST-0043,AGT-0009,life,2025-06-25,31067.66,461,2,27,0.37,0,rejected,0
CLM-0340,POL-0251,CUST-0114,AGT-0008,life,2026-03-25,160964.92,160,2,50,1.82,1,pending,0
CLM-0341,POL-0065,CUST-0296,AGT-0020,motor_accident,2025-10-21,102500.18,730,1,28,6.15,0,settled,0
CLM-0342,POL-0043,CUST-0291,AGT-0007,property_damage,2025-06-07,53310.72,186,1,40,0.85,0,settled,0
CLM-0343,POL-0243,CUST-0138,AGT-0014,health,2026-02-03,162940.73,544,1,37,3.35,1,pending,0
CLM-0344,POL-0141,CUST-0273,AGT-0009,motor_accident,2025-11-18,186174.17,466,0,64,3.7,0,settled,0
CLM-0345,POL-0114,CUST-0279,AGT-0002,property_damage,2026-01-08,98443.07,552,3,28,3.33,0,rejected,0
CLM-0346,POL-0164,CUST-0188,AGT-0018,property_damage,2025-07-25,40441.57,30,0,45,1.01,0,pending,0
CLM-0347,POL-0486,CUST-0166,AGT-0019,health,2025-12-13,70185.02,144,0,25,3.01,1,settled,0
CLM-0348,POL-0271,CUST-0116,AGT-0012,motor_accident,2026-03-26,51459.18,312,1,62,1.24,0,settled,0
CLM-0349,POL-0301,CUST-0234,AGT-0011,property_damage,2025-12-28,177388.07,225,1,53,4.33,0,settled,0
CLM-0350,POL-0370,CUST-0146,AGT-0003,life,2025-07-13,29927.23,458,2,60,0.55,0,settled,0
CLM-0351,POL-0248,CUST-0016,AGT-0008,health,2026-01-03,186609.8,545,0,35,3.31,1,pending,0
CLM-0352,POL-0407,CUST-0266,AGT-0015,health,2025-10-19,42087.23,437,3,59,0.74,1,settled,0
CLM-0353,POL-0400,CUST-0244,AGT-0011,motor_accident,2025-09-11,123407.58,241,1,25,11.41,0,settled,0
CLM-0354,POL-0156,CUST-0053,AGT-0011,health,2026-01-02,62790.92,304,0,35,1.24,0,pending,0
CLM-0355,POL-0475,CUST-0048,AGT-0019,motor_accident,2025-07-03,455683.99,4,8,24,15.12,0,pending,1
CLM-0356,POL-0043,CUST-0291,AGT-0007,motor_accident,2025-07-15,177377.35,300,1,51,2.82,1,settled,0
CLM-0357,POL-0375,CUST-0067,AGT-0020,health,2025-10-17,39463.37,46,0,49,3.45,0,settled,0
CLM-0358,POL-0298,CUST-0041,AGT-0015,life,2025-11-24,172353.16,434,1,53,5.71,0,pending,0
CLM-0359,POL-0254,CUST-0239,AGT-0010,health,2025-07-04,41080.46,210,1,61,0.72,0,settled,0
CLM-0360,POL-0454,CUST-0278,AGT-0016,health,2025-10-11,81868.48,652,1,29,1.34,0,rejected,0
CLM-0361,POL-0371,CUST-0113,AGT-0014,motor_accident,2025-07-06,146719.1,42,0,49,2.75,0,rejected,0
CLM-0362,POL-0395,CUST-0060,AGT-0017,motor_accident,2025-08-27,199922.46,41,7,21,7.51,0,rejected,1
CLM-0363,POL-0104,CUST-0155,AGT-0009,health,2026-05-03,415885.11,29,4,25,22.51,1,rejected,1
CLM-0364,POL-0064,CUST-0277,AGT-0007,life,2026-03-20,165584.05,35,5,22,7.24,1,pending,1
CLM-0365,POL-0117,CUST-0229,AGT-0012,motor_accident,2025-09-22,33738.42,701,2,39,2.08,0,pending,0
CLM-0366,POL-0053,CUST-0047,AGT-0017,motor_accident,2026-05-09,59953.78,108,2,32,0.78,0,settled,0
CLM-0367,POL-0272,CUST-0086,AGT-0003,property_damage,2026-04-08,40366.27,465,1,44,1.01,1,settled,0
CLM-0368,POL-0478,CUST-0179,AGT-0014,life,2025-10-15,181862.01,108,0,34,1.94,0,settled,0
CLM-0369,POL-0058,CUST-0192,AGT-0013,health,2025-11-15,192119.14,315,1,30,2.96,0,settled,0
CLM-0370,POL-0247,CUST-0102,AGT-0009,life,2025-08-29,85719.15,681,2,33,2.04,0,settled,0
CLM-0371,POL-0421,CUST-0041,AGT-0006,health,2026-05-23,21305.46,461,1,30,0.24,0,settled,0
CLM-0372,POL-0472,CUST-0004,AGT-0010,life,2026-01-27,468976.67,24,4,25,9.64,1,pending,1
CLM-0373,POL-0383,CUST-0130,AGT-0010,life,2025-11-22,486718.19,10,6,32,7.52,0,pending,1
CLM-0374,POL-0038,CUST-0294,AGT-0008,health,2026-04-22,120815.5,191,0,34,1.63,0,pending,0
CLM-0375,POL-0392,CUST-0047,AGT-0018,life,2025-07-05,149993.8,570,2,55,2.44,0,settled,0
CLM-0376,POL-0080,CUST-0132,AGT-0016,life,2025-06-17,374859.0,39,4,29,6.25,0,settled,1
CLM-0377,POL-0365,CUST-0109,AGT-0005,property_damage,2026-04-14,184234.29,543,2,39,7.04,0,settled,0
CLM-0378,POL-0206,CUST-0289,AGT-0007,life,2025-11-18,47686.75,218,0,54,1.11,0,pending,0
CLM-0379,POL-0100,CUST-0053,AGT-0005,motor_accident,2026-04-28,25358.01,401,2,26,1.04,0,settled,0
CLM-0380,POL-0097,CUST-0222,AGT-0006,motor_accident,2025-08-16,129485.85,63,1,42,4.34,0,rejected,0
CLM-0381,POL-0025,CUST-0076,AGT-0008,property_damage,2025-11-12,188984.28,38,2,43,10.2,0,settled,0
CLM-0382,POL-0170,CUST-0159,AGT-0006,life,2025-08-04,149583.01,133,1,26,9.47,1,rejected,0
CLM-0383,POL-0083,CUST-0005,AGT-0007,health,2026-03-10,95305.71,670,0,39,3.75,0,rejected,0
CLM-0384,POL-0374,CUST-0091,AGT-0016,life,2026-05-11,107040.98,379,3,33,2.77,0,rejected,0
CLM-0385,POL-0107,CUST-0203,AGT-0011,property_damage,2025-08-24,123341.02,186,3,31,7.35,0,rejected,0
CLM-0386,POL-0049,CUST-0245,AGT-0005,property_damage,2026-04-16,38094.94,332,1,29,1.3,0,pending,0
CLM-0387,POL-0243,CUST-0138,AGT-0014,property_damage,2026-01-05,153813.54,482,1,32,3.16,1,settled,0
CLM-0388,POL-0188,CUST-0161,AGT-0014,property_damage,2025-06-16,126803.22,351,2,30,9.0,0,pending,0
CLM-0389,POL-0359,CUST-0190,AGT-0008,motor_accident,2026-02-06,6548.87,137,2,49,0.4,0,settled,0
CLM-0390,POL-0179,CUST-0005,AGT-0012,life,2025-10-22,130284.47,506,0,30,2.82,0,pending,0
CLM-0391,POL-0163,CUST-0271,AGT-0001,health,2025-10-03,122852.04,247,3,32,3.89,0,pending,0
CLM-0392,POL-0291,CUST-0093,AGT-0020,life,2026-02-11,360377.09,25,3,35,4.28,1,pending,1
CLM-0393,POL-0139,CUST-0225,AGT-0004,life,2025-10-29,39340.6,175,0,42,1.88,0,settled,0
CLM-0394,POL-0426,CUST-0054,AGT-0009,property_damage,2025-10-29,463234.81,28,5,33,16.91,1,pending,1
CLM-0395,POL-0495,CUST-0056,AGT-0001,health,2026-04-22,74165.01,614,3,25,2.29,1,settled,0
CLM-0396,POL-0075,CUST-0204,AGT-0008,life,2025-12-20,197341.75,354,0,34,5.85,0,pending,0
CLM-0397,POL-0267,CUST-0003,AGT-0015,health,2026-02-24,197706.53,158,3,65,5.59,1,settled,0
CLM-0398,POL-0308,CUST-0256,AGT-0001,property_damage,2025-09-16,72876.68,225,0,48,2.25,0,settled,0
CLM-0399,POL-0333,CUST-0276,AGT-0014,property_damage,2026-04-03,85740.48,390,2,59,1.66,0,rejected,0
CLM-0400,POL-0192,CUST-0016,AGT-0013,life,2025-07-11,121003.9,585,3,49,6.87,0,settled,0
CLM-0401,POL-0413,CUST-0075,AGT-0005,motor_accident,2025-07-11,22479.4,46,3,31,0.43,0,settled,0
CLM-0402,POL-0342,CUST-0276,AGT-0018,life,2026-03-29,87024.97,258,3,60,8.49,0,settled,0
CLM-0403,POL-0465,CUST-0266,AGT-0004,property_damage,2025-06-28,142247.82,435,0,48,13.07,0,settled,0
CLM-0404,POL-0003,CUST-0101,AGT-0018,property_damage,2025-12-11,85838.55,45,0,34,1.23,0,pending,0
CLM-0405,POL-0124,CUST-0203,AGT-0001,life,2026-03-04,81315.67,661,3,28,2.33,1,settled,0
CLM-0406,POL-0082,CUST-0025,AGT-0001,property_damage,2025-08-21,24417.7,159,0,65,0.39,1,pending,0
CLM-0407,POL-0048,CUST-0061,AGT-0010,motor_accident,2025-08-12,303097.36,41,7,23,5.09,0,pending,1
CLM-0408,POL-0325,CUST-0252,AGT-0019,health,2025-11-19,74833.66,275,1,44,1.54,0,settled,0
CLM-0409,POL-0043,CUST-0291,AGT-0007,motor_accident,2026-04-07,127350.41,683,0,32,2.03,0,pending,0
CLM-0410,POL-0048,CUST-0061,AGT-0010,life,2026-04-24,445618.26,14,6,22,7.48,1,pending,1
CLM-0411,POL-0352,CUST-0042,AGT-0009,health,2025-06-28,178494.14,678,3,35,6.75,0,settled,0
CLM-0412,POL-0500,CUST-0199,AGT-0001,motor_accident,2026-02-22,72622.83,658,0,35,1.44,1,settled,0
CLM-0413,POL-0266,CUST-0042,AGT-0016,health,2026-04-19,34707.47,403,0,38,1.43,0,settled,0
CLM-0414,POL-0141,CUST-0273,AGT-0009,life,2026-02-22,190879.73,386,2,54,3.8,0,settled,0
CLM-0415,POL-0493,CUST-0270,AGT-0002,life,2025-10-22,118811.41,631,2,35,4.12,0,rejected,0
CLM-0416,POL-0383,CUST-0130,AGT-0010,property_damage,2025-07-12,67155.99,140,3,52,1.04,0,settled,0
CLM-0417,POL-0456,CUST-0278,AGT-0012,property_damage,2025-11-09,328974.88,38,6,25,10.13,1,pending,1
CLM-0418,POL-0220,CUST-0151,AGT-0001,property_damage,2026-03-30,74760.18,104,1,48,5.46,0,pending,0
CLM-0419,POL-0110,CUST-0202,AGT-0012,health,2026-04-09,160071.69,268,0,49,3.47,0,settled,0
CLM-0420,POL-0458,CUST-0098,AGT-0017,life,2025-09-18,138015.72,475,2,45,3.22,0,pending,0
CLM-0421,POL-0062,CUST-0017,AGT-0014,property_damage,2026-05-22,209898.91,21,7,27,7.7,0,rejected,1
CLM-0422,POL-0467,CUST-0054,AGT-0006,motor_accident,2026-04-26,30556.32,442,0,59,0.41,1,settled,0
CLM-0423,POL-0141,CUST-0273,AGT-0009,property_damage,2025-06-09,72435.77,111,2,56,1.44,1,rejected,0
CLM-0424,POL-0432,CUST-0177,AGT-0010,property_damage,2025-06-13,125505.52,59,1,28,2.56,0,settled,0
CLM-0425,POL-0046,CUST-0155,AGT-0019,motor_accident,2026-04-05,180943.91,407,0,28,2.25,0,pending,0
CLM-0426,POL-0136,CUST-0290,AGT-0016,motor_accident,2026-03-28,124486.37,418,2,35,4.8,0,settled,0
CLM-0427,POL-0455,CUST-0240,AGT-0009,life,2025-06-27,179618.03,682,3,32,4.83,1,settled,0
CLM-0428,POL-0396,CUST-0289,AGT-0016,health,2025-06-28,49036.95,300,2,30,0.82,0,settled,0
CLM-0429,POL-0039,CUST-0019,AGT-0013,motor_accident,2025-12-08,16752.05,43,1,54,0.41,0,settled,0
CLM-0430,POL-0440,CUST-0120,AGT-0003,health,2025-11-26,189154.36,494,1,57,3.08,0,settled,0
CLM-0431,POL-0263,CUST-0238,AGT-0004,motor_accident,2026-03-17,83039.96,100,2,52,2.12,0,settled,0
CLM-0432,POL-0124,CUST-0203,AGT-0001,property_damage,2026-04-01,311296.39,18,3,28,8.92,1,settled,1
CLM-0433,POL-0221,CUST-0193,AGT-0006,motor_accident,2026-05-06,82400.96,471,2,28,4.16,0,settled,0
CLM-0434,POL-0151,CUST-0155,AGT-0006,motor_accident,2025-07-05,39445.8,312,3,58,0.88,0,settled,0
CLM-0435,POL-0059,CUST-0179,AGT-0004,health,2025-07-18,162490.79,18,4,22,6.15,1,rejected,1
CLM-0436,POL-0202,CUST-0113,AGT-0001,health,2025-12-05,406873.53,45,5,28,15.25,0,rejected,1
CLM-0437,POL-0049,CUST-0245,AGT-0005,motor_accident,2026-03-07,182017.58,667,3,44,6.22,0,pending,0
CLM-0438,POL-0493,CUST-0270,AGT-0002,health,2025-06-18,316110.24,22,3,23,10.96,1,rejected,1
CLM-0439,POL-0181,CUST-0013,AGT-0008,motor_accident,2025-08-14,118715.98,530,1,55,3.7,0,settled,0
CLM-0440,POL-0269,CUST-0220,AGT-0016,property_damage,2025-08-25,152223.53,126,0,44,3.65,0,settled,0
CLM-0441,POL-0187,CUST-0104,AGT-0005,property_damage,2025-06-14,166411.15,338,2,58,5.09,1,settled,0
CLM-0442,POL-0211,CUST-0070,AGT-0006,life,2025-11-28,133576.55,175,2,56,2.85,0,settled,0
CLM-0443,POL-0472,CUST-0004,AGT-0010,property_damage,2025-12-13,129553.08,310,3,58,2.66,0,settled,0
CLM-0444,POL-0159,CUST-0064,AGT-0019,property_damage,2026-01-04,118005.78,381,0,52,1.29,0,pending,0
CLM-0445,POL-0475,CUST-0048,AGT-0019,property_damage,2025-09-24,95931.91,183,2,64,3.18,1,settled,0
CLM-0446,POL-0233,CUST-0203,AGT-0002,life,2025-12-02,249056.05,38,3,21,4.29,1,rejected,1
CLM-0447,POL-0129,CUST-0069,AGT-0011,motor_accident,2026-01-13,457552.73,33,8,33,8.18,1,pending,1
CLM-0448,POL-0300,CUST-0019,AGT-0018,life,2025-10-27,61706.4,62,3,47,5.23,0,settled,0
CLM-0449,POL-0472,CUST-0004,AGT-0010,health,2026-01-23,65593.48,607,3,45,1.35,1,pending,0
CLM-0450,POL-0155,CUST-0217,AGT-0005,life,2026-04-12,62980.16,673,3,59,0.83,0,pending,0
CLM-0451,POL-0258,CUST-0255,AGT-0010,life,2025-10-07,143956.71,509,2,52,1.93,0,pending,0
CLM-0452,POL-0491,CUST-0012,AGT-0011,health,2025-07-18,22243.65,173,2,40,1.15,1,settled,0
CLM-0453,POL-0028,CUST-0270,AGT-0013,motor_accident,2026-04-18,81568.57,442,0,54,1.36,1,pending,0
CLM-0454,POL-0305,CUST-0253,AGT-0005,motor_accident,2025-06-06,251701.92,31,8,26,14.0,0,pending,1
CLM-0455,POL-0380,CUST-0162,AGT-0014,motor_accident,2025-09-25,31598.54,721,1,44,1.44,0,settled,0
CLM-0456,POL-0035,CUST-0120,AGT-0002,life,2026-05-19,361326.73,8,7,22,16.33,0,rejected,1
CLM-0457,POL-0029,CUST-0280,AGT-0012,life,2025-06-29,63485.13,525,1,40,0.85,1,settled,0
CLM-0458,POL-0326,CUST-0267,AGT-0003,health,2025-09-30,199590.16,43,4,23,4.06,1,pending,1
CLM-0459,POL-0492,CUST-0281,AGT-0016,life,2026-03-17,76631.18,311,3,49,3.8,0,pending,0
CLM-0460,POL-0289,CUST-0140,AGT-0013,life,2025-10-09,118204.92,64,3,27,2.88,0,settled,0
CLM-0461,POL-0257,CUST-0030,AGT-0020,health,2025-12-02,103125.1,387,3,57,3.79,0,settled,0
CLM-0462,POL-0236,CUST-0283,AGT-0011,life,2025-11-20,158405.89,315,2,50,7.67,0,rejected,0
CLM-0463,POL-0363,CUST-0265,AGT-0013,property_damage,2025-08-05,156202.61,568,2,33,7.12,0,settled,0
CLM-0464,POL-0024,CUST-0243,AGT-0009,life,2025-12-17,406507.13,15,3,31,10.85,0,rejected,1
CLM-0465,POL-0461,CUST-0293,AGT-0013,motor_accident,2026-05-12,146991.82,423,3,29,7.51,0,settled,0
CLM-0466,POL-0391,CUST-0181,AGT-0013,life,2026-03-24,128102.34,60,1,45,2.85,0,rejected,0
CLM-0467,POL-0103,CUST-0293,AGT-0017,life,2025-09-03,100765.09,725,2,39,1.53,0,settled,0
CLM-0468,POL-0299,CUST-0229,AGT-0011,property_damage,2025-11-04,485941.32,7,4,21,17.97,0,rejected,1
CLM-0469,POL-0095,CUST-0028,AGT-0004,life,2025-09-17,191760.0,687,3,37,3.19,0,settled,0
CLM-0470,POL-0411,CUST-0187,AGT-0013,property_damage,2026-04-10,299629.11,25,3,30,5.6,0,pending,1
CLM-0471,POL-0308,CUST-0256,AGT-0001,health,2026-01-04,9395.78,326,2,49,0.29,0,pending,0
CLM-0472,POL-0437,CUST-0094,AGT-0005,motor_accident,2025-08-06,124193.23,349,3,64,2.97,0,settled,0
CLM-0473,POL-0017,CUST-0186,AGT-0018,property_damage,2025-06-26,55871.82,372,0,33,3.05,0,rejected,0
CLM-0474,POL-0253,CUST-0157,AGT-0009,motor_accident,2025-10-30,481799.16,40,8,34,22.74,0,rejected,1
CLM-0475,POL-0246,CUST-0030,AGT-0008,property_damage,2025-10-23,57749.14,72,0,27,1.43,0,settled,0
CLM-0476,POL-0477,CUST-0020,AGT-0019,motor_accident,2025-08-22,420764.63,13,7,30,6.22,1,pending,1
CLM-0477,POL-0357,CUST-0264,AGT-0005,property_damage,2025-12-02,395468.23,36,4,22,10.04,1,pending,1
CLM-0478,POL-0122,CUST-0125,AGT-0017,motor_accident,2026-01-24,119780.41,262,3,59,3.62,1,settled,0
CLM-0479,POL-0065,CUST-0296,AGT-0020,health,2025-07-25,60106.22,351,2,63,3.61,0,settled,0
CLM-0480,POL-0040,CUST-0153,AGT-0019,property_damage,2025-08-22,111011.01,536,2,39,1.23,0,settled,0
CLM-0481,POL-0458,CUST-0098,AGT-0017,life,2026-01-08,141065.48,545,0,28,3.29,0,pending,0
CLM-0482,POL-0119,CUST-0073,AGT-0012,life,2025-07-03,112828.3,155,2,34,5.0,0,settled,0
CLM-0483,POL-0256,CUST-0142,AGT-0011,life,2025-09-20,57708.22,632,3,44,1.25,0,pending,0
CLM-0484,POL-0228,CUST-0251,AGT-0009,property_damage,2026-05-15,222005.54,12,8,27,2.68,1,rejected,1
CLM-0485,POL-0466,CUST-0292,AGT-0006,life,2025-10-25,179168.03,298,1,26,11.94,0,settled,0
CLM-0486,POL-0284,CUST-0077,AGT-0003,property_damage,2026-03-09,145652.92,724,2,59,3.51,0,rejected,0
CLM-0487,POL-0068,CUST-0214,AGT-0014,property_damage,2025-12-10,59736.53,728,2,30,1.61,0,settled,0
CLM-0488,POL-0141,CUST-0273,AGT-0009,property_damage,2026-01-16,133549.84,698,0,32,2.66,0,settled,0
CLM-0489,POL-0009,CUST-0177,AGT-0013,motor_accident,2025-08-08,95955.7,397,3,65,3.74,1,rejected,0
CLM-0490,POL-0283,CUST-0170,AGT-0008,health,2026-02-04,17488.48,214,2,42,0.42,0,settled,0
CLM-0491,POL-0336,CUST-0222,AGT-0011,property_damage,2026-05-10,190056.3,3,4,31,4.29,1,rejected,1
CLM-0492,POL-0488,CUST-0180,AGT-0020,health,2025-12-03,55515.68,293,0,47,0.85,1,pending,0
CLM-0493,POL-0058,CUST-0192,AGT-0013,property_damage,2026-03-19,51210.85,363,2,51,0.79,0,pending,0
CLM-0494,POL-0500,CUST-0199,AGT-0001,motor_accident,2026-01-03,132135.75,511,2,64,2.61,0,rejected,0
CLM-0495,POL-0312,CUST-0281,AGT-0011,motor_accident,2025-06-29,66055.62,550,2,38,1.65,0,settled,0
CLM-0496,POL-0490,CUST-0076,AGT-0010,life,2025-08-29,477431.25,15,7,29,10.16,1,rejected,1
CLM-0497,POL-0311,CUST-0151,AGT-0015,property_damage,2026-01-27,107267.37,481,2,42,2.56,0,settled,0
CLM-0498,POL-0234,CUST-0109,AGT-0007,motor_accident,2025-11-27,194617.39,276,3,51,10.44,0,settled,0
CLM-0499,POL-0403,CUST-0253,AGT-0020,property_damage,2026-01-05,116021.74,158,1,51,5.09,1,settled,0
CLM-0500,POL-0210,CUST-0038,AGT-0012,life,2026-05-24,196733.31,619,3,65,4.04,0,pending,0
CLM-0501,POL-0392,CUST-0047,AGT-0018,health,2026-04-24,186374.41,133,1,27,3.03,0,pending,0
CLM-0502,POL-0463,CUST-0240,AGT-0002,property_damage,2025-08-02,29853.33,600,1,43,0.53,0,settled,0
CLM-0503,POL-0038,CUST-0294,AGT-0008,life,2026-01-03,74216.74,489,3,65,1.0,0,settled,0
CLM-0504,POL-0371,CUST-0113,AGT-0014,property_damage,2025-06-20,183686.66,551,0,34,3.44,0,settled,0
CLM-0505,POL-0225,CUST-0026,AGT-0013,motor_accident,2025-08-16,145893.97,316,0,39,4.25,0,settled,0
CLM-0506,POL-0261,CUST-0066,AGT-0009,motor_accident,2026-02-13,88204.46,360,3,45,2.59,0,settled,0
CLM-0507,POL-0451,CUST-0031,AGT-0012,life,2026-02-06,24395.97,321,1,32,0.26,0,rejected,0
CLM-0508,POL-0311,CUST-0151,AGT-0015,health,2026-05-17,185280.59,712,2,34,4.42,0,settled,0
CLM-0509,POL-0276,CUST-0131,AGT-0018,life,2025-10-16,6299.7,56,2,38,0.29,0,settled,0
CLM-0510,POL-0471,CUST-0001,AGT-0002,motor_accident,2026-03-22,397212.77,8,6,35,9.01,1,settled,1
CLM-0511,POL-0412,CUST-0052,AGT-0009,life,2025-07-13,427662.09,5,5,23,8.2,1,rejected,1
CLM-0512,POL-0457,CUST-0187,AGT-0020,motor_accident,2025-07-11,89508.64,563,2,37,1.14,1,settled,0
CLM-0513,POL-0301,CUST-0234,AGT-0011,health,2025-09-19,188916.66,719,1,41,4.62,0,settled,0
CLM-0514,POL-0487,CUST-0098,AGT-0011,health,2025-06-02,146040.3,249,0,52,6.17,0,pending,0
CLM-0515,POL-0315,CUST-0007,AGT-0017,health,2025-12-29,118860.3,683,2,55,1.32,1,settled,0
CLM-0516,POL-0251,CUST-0114,AGT-0008,property_damage,2025-10-29,81480.96,395,3,43,0.92,0,rejected,0
CLM-0517,POL-0340,CUST-0201,AGT-0018,life,2025-09-23,39357.92,356,0,47,1.42,0,settled,0
CLM-0518,POL-0149,CUST-0176,AGT-0002,property_damage,2025-11-02,46945.7,448,0,60,0.91,0,settled,0
CLM-0519,POL-0205,CUST-0184,AGT-0019,life,2026-02-07,15653.51,527,1,46,0.46,0,settled,0
CLM-0520,POL-0106,CUST-0254,AGT-0020,motor_accident,2025-11-18,26511.55,658,2,33,0.66,1,pending,0
CLM-0521,POL-0393,CUST-0116,AGT-0020,health,2025-08-30,17375.63,80,1,48,0.46,1,settled,0
CLM-0522,POL-0411,CUST-0187,AGT-0013,motor_accident,2026-05-21,77906.59,453,1,60,1.46,0,settled,0
CLM-0523,POL-0257,CUST-0030,AGT-0020,health,2026-05-14,99555.49,190,2,44,3.65,0,settled,0
CLM-0524,POL-0336,CUST-0222,AGT-0011,life,2026-05-21,164567.7,306,0,29,3.71,0,pending,0
CLM-0525,POL-0471,CUST-0001,AGT-0002,life,2025-09-11,148495.31,430,1,63,3.37,0,settled,0
CLM-0526,POL-0235,CUST-0104,AGT-0005,health,2025-11-04,56532.64,701,3,49,4.06,0,settled,0
CLM-0527,POL-0465,CUST-0266,AGT-0004,motor_accident,2025-10-12,103785.73,421,0,56,9.54,0,settled,0
CLM-0528,POL-0395,CUST-0060,AGT-0017,motor_accident,2026-04-13,77115.22,606,0,44,2.9,0,settled,0
CLM-0529,POL-0304,CUST-0281,AGT-0017,motor_accident,2025-09-21,32559.46,661,3,58,0.84,1,settled,0
CLM-0530,POL-0428,CUST-0167,AGT-0016,life,2025-08-25,67681.38,608,3,25,5.92,0,settled,0
CLM-0531,POL-0237,CUST-0268,AGT-0014,motor_accident,2026-03-10,105314.07,113,0,52,1.41,0,settled,0
CLM-0532,POL-0102,CUST-0198,AGT-0001,life,2026-03-21,194523.67,69,3,56,6.47,0,settled,0
CLM-0533,POL-0205,CUST-0184,AGT-0019,property_damage,2025-08-16,191154.15,19,8,35,5.61,1,rejected,1
CLM-0534,POL-0268,CUST-0251,AGT-0003,property_damage,2026-03-23,161548.68,410,2,55,3.08,0,pending,0
CLM-0535,POL-0163,CUST-0271,AGT-0001,motor_accident,2025-08-29,34318.07,98,0,44,1.09,0,settled,0
CLM-0536,POL-0320,CUST-0007,AGT-0009,property_damage,2026-01-06,35508.34,388,1,47,0.37,0,settled,0
CLM-0537,POL-0374,CUST-0091,AGT-0016,health,2026-04-22,126777.68,442,2,60,3.29,1,settled,0
CLM-0538,POL-0144,CUST-0251,AGT-0005,property_damage,2025-07-20,114913.65,159,3,46,2.23,1,settled,0
CLM-0539,POL-0087,CUST-0182,AGT-0009,health,2025-09-30,231140.86,14,3,35,5.64,1,rejected,1
CLM-0540,POL-0459,CUST-0210,AGT-0011,motor_accident,2026-01-28,31710.11,480,3,55,0.46,0,settled,0
CLM-0541,POL-0362,CUST-0188,AGT-0019,health,2026-03-07,65793.56,564,2,58,1.67,0,rejected,0
CLM-0542,POL-0431,CUST-0134,AGT-0005,health,2026-05-19,91121.13,286,0,60,3.59,0,rejected,0
CLM-0543,POL-0373,CUST-0068,AGT-0004,motor_accident,2026-02-20,125309.97,225,3,48,3.26,0,settled,0
CLM-0544,POL-0003,CUST-0101,AGT-0018,motor_accident,2025-07-04,69048.05,407,2,57,0.99,0,settled,0
CLM-0545,POL-0023,CUST-0189,AGT-0011,life,2025-07-24,142331.57,310,0,61,2.45,0,settled,0
CLM-0546,POL-0243,CUST-0138,AGT-0014,health,2025-06-04,131271.96,588,0,27,2.7,0,settled,0
CLM-0547,POL-0215,CUST-0255,AGT-0005,property_damage,2026-02-21,28288.22,484,0,45,0.5,0,settled,0
CLM-0548,POL-0429,CUST-0277,AGT-0006,life,2025-10-30,180434.96,203,2,58,2.82,0,settled,0
CLM-0549,POL-0099,CUST-0185,AGT-0004,health,2025-06-13,102797.51,303,0,36,2.19,0,settled,0
CLM-0550,POL-0160,CUST-0127,AGT-0009,life,2026-04-16,73383.53,379,3,61,1.62,0,pending,0
CLM-0551,POL-0374,CUST-0091,AGT-0016,health,2025-07-09,261125.45,41,3,33,6.77,0,pending,1
CLM-0552,POL-0158,CUST-0078,AGT-0014,property_damage,2026-03-01,130251.89,225,1,44,5.36,0,settled,0
CLM-0553,POL-0212,CUST-0288,AGT-0020,property_damage,2026-04-14,41707.83,234,1,43,0.58,0,settled,0
CLM-0554,POL-0179,CUST-0005,AGT-0012,health,2025-06-06,106993.33,676,1,27,2.32,1,settled,0
CLM-0555,POL-0176,CUST-0092,AGT-0002,life,2026-01-18,103234.22,305,0,57,3.66,0,pending,0
CLM-0556,POL-0338,CUST-0055,AGT-0010,motor_accident,2025-12-17,97665.91,508,2,48,4.6,1,settled,0
CLM-0557,POL-0082,CUST-0025,AGT-0001,life,2025-08-25,70268.93,693,0,36,1.13,0,pending,0
CLM-0558,POL-0415,CUST-0204,AGT-0004,property_damage,2025-07-28,120747.08,475,3,55,3.86,0,settled,0
CLM-0559,POL-0021,CUST-0168,AGT-0020,life,2025-08-01,176099.38,549,0,51,7.13,0,pending,0
CLM-0560,POL-0473,CUST-0284,AGT-0017,property_damage,2026-05-04,121385.98,566,1,61,10.95,0,rejected,0
CLM-0561,POL-0411,CUST-0187,AGT-0013,property_damage,2025-12-25,82218.8,501,0,34,1.54,0,pending,0
CLM-0562,POL-0224,CUST-0284,AGT-0018,health,2025-12-06,235656.38,44,7,34,5.35,1,pending,1
CLM-0563,POL-0358,CUST-0248,AGT-0012,property_damage,2026-03-24,97099.66,415,3,40,1.49,0,settled,0
CLM-0564,POL-0420,CUST-0086,AGT-0011,motor_accident,2026-02-07,175173.34,641,3,59,3.07,0,rejected,0
CLM-0565,POL-0189,CUST-0232,AGT-0010,health,2026-05-09,102783.91,31,3,29,2.35,0,settled,0
CLM-0566,POL-0174,CUST-0189,AGT-0006,life,2026-05-14,40075.75,184,2,44,1.64,0,settled,0
CLM-0567,POL-0084,CUST-0248,AGT-0016,motor_accident,2025-06-30,105882.97,138,3,30,1.53,0,rejected,0
CLM-0568,POL-0164,CUST-0188,AGT-0018,life,2025-10-27,327439.65,44,6,21,8.16,1,rejected,1
CLM-0569,POL-0133,CUST-0249,AGT-0005,property_damage,2026-04-04,27611.89,491,2,55,0.31,0,settled,0
CLM-0570,POL-0389,CUST-0266,AGT-0010,life,2025-10-21,136570.19,183,0,46,5.63,1,pending,0
CLM-0571,POL-0063,CUST-0229,AGT-0020,property_damage,2026-05-19,94748.89,81,2,41,9.03,0,settled,0
CLM-0572,POL-0183,CUST-0073,AGT-0009,motor_accident,2025-09-01,92120.18,334,0,63,3.91,0,settled,0
CLM-0573,POL-0044,CUST-0045,AGT-0013,life,2025-06-13,29580.65,178,3,52,0.58,0,settled,0
CLM-0574,POL-0235,CUST-0104,AGT-0005,motor_accident,2025-12-10,264305.97,3,4,30,18.99,0,settled,1
CLM-0575,POL-0206,CUST-0289,AGT-0007,life,2026-04-02,482625.61,17,8,31,11.21,0,rejected,1
CLM-0576,POL-0156,CUST-0053,AGT-0011,life,2026-01-11,110135.74,279,0,48,2.17,1,settled,0
CLM-0577,POL-0257,CUST-0030,AGT-0020,motor_accident,2025-10-31,122901.4,215,2,42,4.51,0,settled,0
CLM-0578,POL-0237,CUST-0268,AGT-0014,property_damage,2026-02-07,195300.04,355,0,39,2.62,0,pending,0
CLM-0579,POL-0424,CUST-0121,AGT-0009,motor_accident,2025-12-07,87049.13,639,2,59,0.99,0,settled,0
CLM-0580,POL-0078,CUST-0075,AGT-0001,motor_accident,2025-07-12,149801.38,245,1,49,8.34,0,settled,0
CLM-0581,POL-0107,CUST-0203,AGT-0011,motor_accident,2026-03-13,108270.39,341,2,45,6.45,0,settled,0
CLM-0582,POL-0181,CUST-0013,AGT-0008,life,2025-08-29,86001.63,53,2,60,2.68,0,pending,0
CLM-0583,POL-0203,CUST-0082,AGT-0004,life,2025-08-23,198465.53,614,2,36,4.02,0,settled,0
CLM-0584,POL-0462,CUST-0037,AGT-0001,life,2026-02-05,67283.68,401,0,65,2.81,0,rejected,0
CLM-0585,POL-0147,CUST-0033,AGT-0018,property_damage,2025-10-06,92643.91,211,3,43,2.94,0,settled,0
CLM-0586,POL-0298,CUST-0041,AGT-0015,health,2025-07-23,194978.24,450,1,65,6.46,0,settled,0
CLM-0587,POL-0293,CUST-0134,AGT-0011,motor_accident,2025-11-23,189370.36,362,1,35,3.43,1,pending,0
CLM-0588,POL-0262,CUST-0182,AGT-0008,health,2025-12-17,170810.26,195,3,48,4.0,0,pending,0
CLM-0589,POL-0106,CUST-0254,AGT-0020,motor_accident,2025-07-26,94542.62,730,3,40,2.36,0,settled,0
CLM-0590,POL-0237,CUST-0268,AGT-0014,motor_accident,2025-10-30,18619.24,63,3,58,0.25,0,rejected,0
CLM-0591,POL-0367,CUST-0108,AGT-0019,motor_accident,2026-01-02,131182.42,576,0,53,2.23,0,settled,0
CLM-0592,POL-0205,CUST-0184,AGT-0019,property_damage,2025-08-08,104754.14,695,3,52,3.07,0,settled,0
CLM-0593,POL-0188,CUST-0161,AGT-0014,motor_accident,2025-10-09,71267.75,278,3,38,5.06,0,rejected,0
CLM-0594,POL-0388,CUST-0267,AGT-0010,motor_accident,2026-03-21,62581.95,485,2,53,1.8,0,pending,0
CLM-0595,POL-0114,CUST-0279,AGT-0002,life,2025-10-18,114890.19,328,2,35,3.89,1,settled,0
CLM-0596,POL-0076,CUST-0158,AGT-0009,health,2025-08-05,172533.79,293,1,26,3.81,0,pending,0
CLM-0597,POL-0382,CUST-0105,AGT-0014,property_damage,2025-09-06,105779.5,518,1,47,1.53,0,settled,0
CLM-0598,POL-0446,CUST-0282,AGT-0017,health,2026-02-06,39200.53,418,0,29,0.7,0,pending,0
CLM-0599,POL-0183,CUST-0073,AGT-0009,property_damage,2025-06-25,116034.56,683,0,58,4.93,0,pending,0
CLM-0600,POL-0260,CUST-0184,AGT-0017,motor_accident,2025-10-15,343649.57,35,8,29,7.75,0,rejected,1
CLM-0601,POL-0132,CUST-0096,AGT-0011,property_damage,2025-08-22,40623.51,696,1,39,1.18,0,settled,0
CLM-0602,POL-0464,CUST-0137,AGT-0017,life,2025-10-06,106898.75,92,1,39,1.56,0,pending,0
CLM-0603,POL-0405,CUST-0204,AGT-0008,health,2025-07-29,43303.04,149,3,30,0.55,0,settled,0
CLM-0604,POL-0298,CUST-0041,AGT-0015,motor_accident,2026-01-23,181472.82,483,1,62,6.02,1,settled,0
CLM-0605,POL-0324,CUST-0080,AGT-0002,health,2025-12-08,103922.13,556,2,44,10.11,0,settled,0
CLM-0606,POL-0159,CUST-0064,AGT-0019,life,2025-09-20,26736.66,216,3,25,0.29,0,pending,0
CLM-0607,POL-0345,CUST-0237,AGT-0018,health,2026-04-06,185432.59,483,2,65,3.53,1,settled,0
CLM-0608,POL-0257,CUST-0030,AGT-0020,health,2025-12-17,154452.0,513,0,44,5.67,1,pending,0
CLM-0609,POL-0437,CUST-0094,AGT-0005,property_damage,2026-02-03,134205.19,363,3,63,3.21,0,rejected,0
CLM-0610,POL-0190,CUST-0021,AGT-0007,life,2025-10-30,266802.76,23,8,26,9.8,1,pending,1
CLM-0611,POL-0496,CUST-0261,AGT-0004,health,2026-02-14,130929.58,173,3,42,4.36,0,settled,0
CLM-0612,POL-0427,CUST-0146,AGT-0015,health,2025-07-19,67759.93,421,2,60,2.66,1,settled,0
CLM-0613,POL-0039,CUST-0019,AGT-0013,life,2026-01-24,68469.19,521,3,27,1.68,0,settled,0
CLM-0614,POL-0052,CUST-0085,AGT-0011,health,2026-04-24,269942.18,35,5,28,9.25,1,pending,1
CLM-0615,POL-0448,CUST-0008,AGT-0006,property_damage,2025-08-19,63276.85,234,0,53,1.52,0,settled,0
CLM-0616,POL-0072,CUST-0027,AGT-0009,life,2026-02-04,18260.76,351,2,53,1.6,0,settled,0
CLM-0617,POL-0347,CUST-0052,AGT-0010,life,2025-11-10,55510.04,648,0,33,0.95,0,settled,0
CLM-0618,POL-0031,CUST-0251,AGT-0011,property_damage,2025-08-29,104891.03,46,3,27,1.61,1,settled,0
CLM-0619,POL-0325,CUST-0252,AGT-0019,motor_accident,2025-08-11,176443.4,6,7,33,3.62,0,settled,1
CLM-0620,POL-0393,CUST-0116,AGT-0020,property_damage,2025-10-11,164462.37,506,3,34,4.38,0,settled,0
CLM-0621,POL-0206,CUST-0289,AGT-0007,health,2026-01-19,6239.02,429,0,25,0.14,0,rejected,0
CLM-0622,POL-0273,CUST-0223,AGT-0005,health,2026-02-15,134753.36,618,2,61,5.42,0,settled,0
CLM-0623,POL-0274,CUST-0207,AGT-0001,health,2025-06-29,169716.17,160,2,29,2.66,0,settled,0
CLM-0624,POL-0218,CUST-0215,AGT-0006,life,2026-03-29,50430.88,252,2,26,2.78,0,settled,0
CLM-0625,POL-0228,CUST-0251,AGT-0009,health,2026-02-15,171566.68,243,3,28,2.07,0,settled,0
CLM-0626,POL-0497,CUST-0235,AGT-0018,life,2025-07-26,183090.23,558,0,35,6.75,0,settled,0
CLM-0627,POL-0098,CUST-0043,AGT-0009,life,2026-05-23,22704.24,549,2,55,0.27,0,pending,0
CLM-0628,POL-0493,CUST-0270,AGT-0002,motor_accident,2025-07-02,74162.81,347,0,52,2.57,0,settled,0
CLM-0629,POL-0009,CUST-0177,AGT-0013,health,2025-08-15,58569.65,692,2,27,2.29,0,pending,0
CLM-0630,POL-0072,CUST-0027,AGT-0009,health,2025-10-29,153646.13,92,1,43,13.45,0,pending,0
CLM-0631,POL-0380,CUST-0162,AGT-0014,property_damage,2025-11-06,135390.22,403,0,35,6.19,0,settled,0
CLM-0632,POL-0165,CUST-0008,AGT-0009,motor_accident,2025-08-28,159040.51,2,6,21,14.68,0,pending,1
CLM-0633,POL-0081,CUST-0087,AGT-0005,life,2025-10-06,272033.24,15,3,27,3.46,0,settled,1
CLM-0634,POL-0069,CUST-0124,AGT-0008,property_damage,2026-03-27,162837.9,30,2,55,8.48,0,settled,0
CLM-0635,POL-0490,CUST-0076,AGT-0010,health,2026-03-19,144681.48,519,3,61,3.08,0,settled,0
CLM-0636,POL-0368,CUST-0066,AGT-0019,property_damage,2025-12-14,177949.0,137,1,39,16.0,0,settled,0
CLM-0637,POL-0267,CUST-0003,AGT-0015,health,2025-08-08,197590.37,303,1,45,5.59,0,settled,0
CLM-0638,POL-0324,CUST-0080,AGT-0002,health,2026-03-10,219263.65,12,3,23,21.32,0,pending,1
CLM-0639,POL-0247,CUST-0102,AGT-0009,property_damage,2025-08-25,72060.85,673,3,53,1.72,0,settled,0
CLM-0640,POL-0474,CUST-0071,AGT-0009,life,2025-06-26,199353.71,220,2,46,6.04,0,pending,0
CLM-0641,POL-0135,CUST-0150,AGT-0002,life,2026-04-05,277897.79,42,3,29,4.26,0,pending,1
CLM-0642,POL-0448,CUST-0008,AGT-0006,health,2026-03-20,93250.14,596,0,57,2.24,0,settled,0
CLM-0643,POL-0102,CUST-0198,AGT-0001,property_damage,2025-08-28,74017.62,645,1,61,2.46,1,settled,0
CLM-0644,POL-0192,CUST-0016,AGT-0013,life,2026-02-17,137677.4,680,1,34,7.81,1,settled,0
CLM-0645,POL-0200,CUST-0279,AGT-0001,property_damage,2026-05-31,194541.73,517,3,45,4.6,0,pending,0
CLM-0646,POL-0107,CUST-0203,AGT-0011,health,2026-01-27,124557.87,98,0,51,7.43,0,settled,0
CLM-0647,POL-0201,CUST-0177,AGT-0019,life,2026-03-29,53471.79,388,0,39,0.84,0,settled,0
CLM-0648,POL-0106,CUST-0254,AGT-0020,motor_accident,2025-07-14,136086.42,365,0,65,3.39,0,settled,0
CLM-0649,POL-0153,CUST-0220,AGT-0003,property_damage,2026-01-12,110545.6,654,3,34,1.42,0,rejected,0
CLM-0650,POL-0430,CUST-0178,AGT-0016,life,2026-01-02,27003.33,507,3,62,0.44,0,settled,0
CLM-0651,POL-0375,CUST-0067,AGT-0020,motor_accident,2026-01-08,121814.16,401,1,56,10.64,0,settled,0
CLM-0652,POL-0328,CUST-0288,AGT-0001,life,2026-01-27,86830.85,287,2,30,2.97,0,settled,0
CLM-0653,POL-0223,CUST-0081,AGT-0002,life,2026-05-10,25273.26,529,3,63,0.37,1,settled,0
CLM-0654,POL-0049,CUST-0245,AGT-0005,life,2026-05-11,417410.74,24,7,31,14.27,1,pending,1
CLM-0655,POL-0294,CUST-0174,AGT-0017,motor_accident,2025-07-13,12268.87,438,3,26,0.28,0,rejected,0
CLM-0656,POL-0472,CUST-0004,AGT-0010,health,2026-01-10,10533.04,497,2,47,0.22,0,settled,0
CLM-0657,POL-0235,CUST-0104,AGT-0005,life,2025-12-04,128787.43,194,1,60,9.25,1,settled,0
CLM-0658,POL-0439,CUST-0096,AGT-0004,property_damage,2026-04-10,273131.65,35,8,33,14.99,0,settled,1
CLM-0659,POL-0161,CUST-0155,AGT-0007,life,2025-11-27,129697.63,421,1,41,3.52,0,settled,0
CLM-0660,POL-0009,CUST-0177,AGT-0013,health,2025-11-09,353646.39,33,8,31,13.8,1,rejected,1
CLM-0661,POL-0048,CUST-0061,AGT-0010,property_damage,2025-09-01,359289.28,43,6,34,6.03,1,pending,1
CLM-0662,POL-0054,CUST-0234,AGT-0019,motor_accident,2026-01-26,148575.06,330,0,45,4.86,0,settled,0
CLM-0663,POL-0254,CUST-0239,AGT-0010,health,2026-03-18,140540.43,254,1,39,2.48,0,pending,0
CLM-0664,POL-0440,CUST-0120,AGT-0003,life,2025-07-14,168396.49,454,1,51,2.74,0,settled,0
CLM-0665,POL-0362,CUST-0188,AGT-0019,health,2025-12-19,75973.94,299,3,48,1.92,0,settled,0
CLM-0666,POL-0165,CUST-0008,AGT-0009,property_damage,2026-04-08,197319.88,282,1,31,18.21,1,settled,0
CLM-0667,POL-0368,CUST-0066,AGT-0019,life,2025-07-19,195416.14,259,3,42,17.57,1,settled,0
CLM-0668,POL-0489,CUST-0103,AGT-0012,health,2026-04-29,9312.46,489,0,47,0.17,0,settled,0
CLM-0669,POL-0292,CUST-0067,AGT-0016,health,2025-06-27,179823.14,58,3,52,2.02,0,settled,0
CLM-0670,POL-0170,CUST-0159,AGT-0006,property_damage,2026-05-28,160691.19,550,3,34,10.17,1,rejected,0
CLM-0671,POL-0301,CUST-0234,AGT-0011,health,2026-01-24,492073.85,40,3,29,12.02,1,settled,1
CLM-0672,POL-0016,CUST-0188,AGT-0013,life,2025-11-04,101520.13,152,2,30,7.84,0,settled,0
CLM-0673,POL-0434,CUST-0281,AGT-0012,health,2026-01-18,23693.34,393,1,52,0.79,0,settled,0
CLM-0674,POL-0332,CUST-0034,AGT-0007,motor_accident,2025-06-16,71245.43,126,2,26,1.62,1,settled,0
CLM-0675,POL-0494,CUST-0028,AGT-0015,property_damage,2026-04-26,7452.8,364,3,44,0.22,0,rejected,0
CLM-0676,POL-0256,CUST-0142,AGT-0011,health,2025-10-18,47582.9,383,0,34,1.03,1,settled,0
CLM-0677,POL-0077,CUST-0164,AGT-0007,property_damage,2026-01-02,91795.76,667,0,59,2.03,0,pending,0
CLM-0678,POL-0266,CUST-0042,AGT-0016,life,2025-10-14,24445.71,227,1,64,1.01,0,rejected,0
CLM-0679,POL-0174,CUST-0189,AGT-0006,life,2025-06-28,32569.37,532,1,50,1.33,0,settled,0
CLM-0680,POL-0047,CUST-0061,AGT-0015,health,2025-10-14,67507.85,569,3,59,2.01,0,settled,0
CLM-0681,POL-0207,CUST-0047,AGT-0002,life,2025-12-26,21065.83,54,3,31,0.62,0,settled,0
CLM-0682,POL-0271,CUST-0116,AGT-0012,property_damage,2026-05-07,41675.39,121,2,62,1.01,1,settled,0
CLM-0683,POL-0198,CUST-0018,AGT-0020,property_damage,2025-06-17,193016.49,83,3,57,8.04,1,settled,0
CLM-0684,POL-0235,CUST-0104,AGT-0005,motor_accident,2026-05-08,179009.44,357,0,38,12.86,0,rejected,0
CLM-0685,POL-0474,CUST-0071,AGT-0009,property_damage,2025-11-07,181357.18,705,2,36,5.49,0,pending,0
CLM-0686,POL-0127,CUST-0271,AGT-0011,motor_accident,2025-10-31,55346.13,462,2,38,2.47,0,settled,0
CLM-0687,POL-0432,CUST-0177,AGT-0010,life,2026-05-10,164261.31,529,2,63,3.35,0,settled,0
CLM-0688,POL-0340,CUST-0201,AGT-0018,property_damage,2026-03-07,18752.25,147,0,35,0.68,0,rejected,0
CLM-0689,POL-0146,CUST-0168,AGT-0019,health,2026-04-17,60517.44,613,2,31,1.36,0,settled,0
CLM-0690,POL-0066,CUST-0212,AGT-0010,life,2026-02-26,11960.56,520,0,32,0.17,0,pending,0
CLM-0691,POL-0224,CUST-0284,AGT-0018,health,2026-02-13,90431.17,176,3,63,2.05,0,settled,0
CLM-0692,POL-0008,CUST-0248,AGT-0015,motor_accident,2025-11-12,71562.76,286,1,47,5.17,0,settled,0
CLM-0693,POL-0033,CUST-0178,AGT-0015,health,2025-07-27,127306.66,373,3,26,5.22,0,settled,0
CLM-0694,POL-0074,CUST-0109,AGT-0007,health,2025-12-18,66922.94,144,0,51,1.51,1,settled,0
CLM-0695,POL-0351,CUST-0229,AGT-0012,health,2025-07-14,79336.61,606,0,49,1.47,1,pending,0
CLM-0696,POL-0011,CUST-0197,AGT-0020,health,2025-06-16,182608.23,615,3,43,6.58,1,settled,0
CLM-0697,POL-0326,CUST-0267,AGT-0003,property_damage,2025-07-09,184288.17,186,3,59,3.75,0,settled,0
CLM-0698,POL-0452,CUST-0163,AGT-0018,health,2025-11-07,149301.09,472,2,34,9.16,0,pending,0
CLM-0699,POL-0483,CUST-0281,AGT-0013,property_damage,2025-12-16,177306.25,501,3,53,3.4,0,settled,0
CLM-0700,POL-0106,CUST-0254,AGT-0020,life,2025-11-21,143955.02,612,1,64,3.59,0,settled,0
CLM-0701,POL-0073,CUST-0287,AGT-0007,health,2025-12-10,110851.6,493,2,64,1.23,0,settled,0
CLM-0702,POL-0480,CUST-0077,AGT-0011,health,2026-01-12,40161.47,483,0,38,1.12,0,rejected,0
CLM-0703,POL-0329,CUST-0021,AGT-0011,health,2025-09-24,157462.49,232,1,51,6.43,0,settled,0
CLM-0704,POL-0347,CUST-0052,AGT-0010,motor_accident,2025-12-22,172875.66,2,3,35,2.95,0,settled,1
CLM-0705,POL-0381,CUST-0134,AGT-0018,life,2025-09-30,46537.31,97,2,64,1.09,0,settled,0
CLM-0706,POL-0156,CUST-0053,AGT-0011,life,2026-03-11,346660.64,10,4,27,6.84,0,rejected,1
CLM-0707,POL-0354,CUST-0019,AGT-0018,health,2025-11-17,53631.01,146,1,53,1.47,0,settled,0
CLM-0708,POL-0393,CUST-0116,AGT-0020,motor_accident,2025-09-22,390842.52,24,6,30,10.4,1,settled,1
CLM-0709,POL-0454,CUST-0278,AGT-0016,life,2026-03-16,21577.05,408,0,36,0.35,0,pending,0
CLM-0710,POL-0150,CUST-0226,AGT-0015,life,2026-03-06,190008.55,115,2,63,22.09,0,settled,0
CLM-0711,POL-0263,CUST-0238,AGT-0004,health,2025-06-07,106484.16,54,3,45,2.72,0,settled,0
CLM-0712,POL-0173,CUST-0296,AGT-0003,motor_accident,2026-03-26,412499.17,43,6,31,8.41,0,rejected,1
CLM-0713,POL-0010,CUST-0063,AGT-0009,property_damage,2025-06-09,43930.27,511,3,49,1.69,0,settled,0
CLM-0714,POL-0438,CUST-0252,AGT-0007,life,2026-01-07,87780.27,380,1,47,1.59,0,settled,0
CLM-0715,POL-0413,CUST-0075,AGT-0005,motor_accident,2026-01-27,67129.71,551,0,26,1.27,0,pending,0
CLM-0716,POL-0079,CUST-0169,AGT-0008,property_damage,2025-07-19,51204.34,119,0,25,1.5,0,pending,0
CLM-0717,POL-0324,CUST-0080,AGT-0002,motor_accident,2026-02-25,158295.67,138,0,28,15.4,0,pending,0
CLM-0718,POL-0222,CUST-0248,AGT-0001,health,2025-09-30,50449.77,81,0,49,2.46,0,settled,0
CLM-0719,POL-0362,CUST-0188,AGT-0019,motor_accident,2026-03-02,61172.38,722,0,53,1.55,0,rejected,0
CLM-0720,POL-0450,CUST-0128,AGT-0006,health,2026-03-09,194681.12,156,0,37,3.92,0,settled,0
CLM-0721,POL-0212,CUST-0288,AGT-0020,property_damage,2026-01-07,60653.59,466,2,47,0.84,0,settled,0
CLM-0722,POL-0033,CUST-0178,AGT-0015,motor_accident,2025-12-19,181025.23,91,3,30,7.42,0,settled,0
CLM-0723,POL-0348,CUST-0157,AGT-0019,property_damage,2025-09-23,115994.22,356,3,47,4.47,0,settled,0
CLM-0724,POL-0301,CUST-0234,AGT-0011,life,2025-10-06,139718.6,449,3,54,3.41,0,rejected,0
CLM-0725,POL-0079,CUST-0169,AGT-0008,life,2025-07-12,412693.23,27,3,34,12.07,0,pending,1
CLM-0726,POL-0223,CUST-0081,AGT-0002,motor_accident,2025-11-12,134045.55,206,1,62,1.95,0,settled,0
CLM-0727,POL-0102,CUST-0198,AGT-0001,life,2025-10-22,287281.16,20,7,25,9.55,0,pending,1
CLM-0728,POL-0497,CUST-0235,AGT-0018,health,2026-01-31,73907.03,138,0,45,2.73,0,settled,0
CLM-0729,POL-0214,CUST-0094,AGT-0020,life,2025-07-22,191587.06,676,1,46,4.85,0,pending,0
CLM-0730,POL-0145,CUST-0048,AGT-0013,life,2025-11-23,77804.17,161,2,61,1.98,0,settled,0
CLM-0731,POL-0353,CUST-0039,AGT-0001,property_damage,2025-06-08,175015.39,350,3,42,7.56,1,pending,0
CLM-0732,POL-0401,CUST-0256,AGT-0007,motor_accident,2025-12-22,194371.46,264,1,40,7.23,0,settled,0
CLM-0733,POL-0385,CUST-0282,AGT-0020,property_damage,2026-04-27,262579.23,34,6,28,7.41,1,pending,1
CLM-0734,POL-0365,CUST-0109,AGT-0005,property_damage,2025-11-30,446720.47,4,6,24,17.07,0,rejected,1
CLM-0735,POL-0075,CUST-0204,AGT-0008,health,2025-07-30,191550.19,526,2,63,5.68,1,settled,0
CLM-0736,POL-0377,CUST-0180,AGT-0019,motor_accident,2025-12-30,107082.93,546,2,40,1.29,0,settled,0
CLM-0737,POL-0013,CUST-0255,AGT-0001,health,2025-10-15,375395.9,27,3,26,6.27,1,rejected,1
CLM-0738,POL-0305,CUST-0253,AGT-0005,life,2026-01-06,66246.97,310,3,42,3.69,0,pending,0
CLM-0739,POL-0490,CUST-0076,AGT-0010,life,2025-08-23,168348.22,21,7,28,3.58,1,pending,1
CLM-0740,POL-0203,CUST-0082,AGT-0004,motor_accident,2025-09-12,124551.0,65,2,45,2.52,1,pending,0
CLM-0741,POL-0033,CUST-0178,AGT-0015,property_damage,2025-12-09,32282.73,134,1,40,1.32,0,pending,0
CLM-0742,POL-0253,CUST-0157,AGT-0009,health,2025-10-14,17119.34,456,3,34,0.81,1,pending,0
CLM-0743,POL-0123,CUST-0237,AGT-0008,motor_accident,2026-02-08,389232.68,2,3,31,14.66,0,rejected,1
CLM-0744,POL-0257,CUST-0030,AGT-0020,life,2026-05-19,80567.43,679,3,26,2.96,1,settled,0
CLM-0745,POL-0035,CUST-0120,AGT-0002,motor_accident,2025-08-07,356384.03,14,4,30,16.11,1,rejected,1
CLM-0746,POL-0204,CUST-0113,AGT-0019,life,2026-03-11,109564.85,672,2,42,4.7,1,settled,0
CLM-0747,POL-0101,CUST-0053,AGT-0001,life,2026-02-16,55766.66,152,2,53,2.27,0,pending,0
CLM-0748,POL-0412,CUST-0052,AGT-0009,property_damage,2025-06-12,476579.24,14,4,33,9.14,1,rejected,1
CLM-0749,POL-0238,CUST-0055,AGT-0019,motor_accident,2026-02-10,369141.17,37,5,24,27.38,1,rejected,1
CLM-0750,POL-0256,CUST-0142,AGT-0011,life,2025-09-28,80771.49,365,3,50,1.74,1,settled,0
CLM-0751,POL-0040,CUST-0153,AGT-0019,property_damage,2025-10-16,177460.41,61,0,25,1.97,0,settled,0
CLM-0752,POL-0050,CUST-0276,AGT-0007,life,2025-07-01,225358.02,13,6,32,4.23,1,pending,1
CLM-0753,POL-0155,CUST-0217,AGT-0005,life,2026-03-03,309924.68,14,3,35,4.1,0,pending,1
CLM-0754,POL-0234,CUST-0109,AGT-0007,life,2026-04-29,118056.52,600,2,42,6.33,0,settled,0
CLM-0755,POL-0034,CUST-0288,AGT-0009,motor_accident,2025-08-09,78597.88,68,3,52,2.79,0,rejected,0
CLM-0756,POL-0364,CUST-0257,AGT-0005,life,2026-05-31,98438.38,303,0,42,1.48,0,rejected,0
CLM-0757,POL-0428,CUST-0167,AGT-0016,property_damage,2025-10-10,113994.16,530,1,28,9.97,0,settled,0
CLM-0758,POL-0192,CUST-0016,AGT-0013,life,2025-11-22,77398.09,594,1,45,4.39,0,settled,0
CLM-0759,POL-0076,CUST-0158,AGT-0009,property_damage,2026-03-22,151573.55,536,3,48,3.35,0,settled,0
CLM-0760,POL-0231,CUST-0278,AGT-0014,health,2025-07-29,173050.99,198,0,46,15.49,1,settled,0
CLM-0761,POL-0072,CUST-0027,AGT-0009,motor_accident,2025-09-07,159494.17,435,0,51,13.96,0,pending,0
CLM-0762,POL-0479,CUST-0196,AGT-0002,property_damage,2025-08-24,188746.52,262,2,56,2.36,0,rejected,0
CLM-0763,POL-0113,CUST-0217,AGT-0013,health,2026-05-31,151216.13,138,1,65,3.84,0,rejected,0
CLM-0764,POL-0254,CUST-0239,AGT-0010,health,2025-08-27,175272.34,20,4,33,3.09,1,rejected,1
CLM-0765,POL-0009,CUST-0177,AGT-0013,motor_accident,2025-10-27,192376.44,12,8,22,7.51,0,settled,1
CLM-0766,POL-0358,CUST-0248,AGT-0012,life,2025-07-10,71918.07,413,1,44,1.1,0,settled,0
CLM-0767,POL-0017,CUST-0186,AGT-0018,life,2025-06-13,73541.91,291,3,49,4.01,1,settled,0
CLM-0768,POL-0014,CUST-0299,AGT-0012,health,2025-07-12,192739.81,118,3,41,4.4,1,rejected,0
CLM-0769,POL-0384,CUST-0118,AGT-0015,life,2026-02-10,122703.7,510,0,45,1.95,0,settled,0
CLM-0770,POL-0351,CUST-0229,AGT-0012,life,2026-01-11,451950.84,2,7,28,8.39,0,rejected,1
CLM-0771,POL-0335,CUST-0295,AGT-0008,health,2026-05-11,54374.84,150,3,36,1.45,0,settled,0
CLM-0772,POL-0057,CUST-0242,AGT-0002,life,2025-07-01,193870.13,108,1,55,4.55,0,rejected,0
CLM-0773,POL-0155,CUST-0217,AGT-0005,motor_accident,2026-04-10,71313.73,729,3,39,0.94,0,pending,0
CLM-0774,POL-0289,CUST-0140,AGT-0013,property_damage,2025-07-10,323650.98,45,6,21,7.88,1,rejected,1
CLM-0775,POL-0018,CUST-0061,AGT-0005,property_damage,2025-09-30,113669.9,462,0,29,2.38,0,settled,0
CLM-0776,POL-0062,CUST-0017,AGT-0014,property_damage,2025-08-19,180232.13,12,8,24,6.61,1,pending,1
CLM-0777,POL-0299,CUST-0229,AGT-0011,life,2026-05-26,114134.98,267,1,34,4.22,0,settled,0
CLM-0778,POL-0058,CUST-0192,AGT-0013,health,2025-09-28,56848.07,573,0,44,0.87,0,settled,0
CLM-0779,POL-0245,CUST-0070,AGT-0017,health,2026-04-27,24314.17,427,0,34,1.26,0,settled,0
CLM-0780,POL-0085,CUST-0275,AGT-0010,life,2026-05-10,151915.68,670,2,39,18.0,0,rejected,0
CLM-0781,POL-0099,CUST-0185,AGT-0004,health,2025-09-28,186502.1,430,3,63,3.97,0,settled,0
CLM-0782,POL-0331,CUST-0099,AGT-0011,motor_accident,2025-10-30,128892.17,277,2,56,2.76,0,pending,0
CLM-0783,POL-0396,CUST-0289,AGT-0016,property_damage,2025-12-25,77056.62,432,2,54,1.28,0,rejected,0
CLM-0784,POL-0250,CUST-0146,AGT-0001,life,2025-12-07,174876.02,633,1,55,2.75,0,settled,0
CLM-0785,POL-0323,CUST-0136,AGT-0005,health,2025-12-04,57893.98,325,1,45,2.43,0,rejected,0
CLM-0786,POL-0266,CUST-0042,AGT-0016,health,2025-06-13,59311.82,642,3,37,2.44,1,settled,0
CLM-0787,POL-0284,CUST-0077,AGT-0003,health,2025-07-29,160615.97,625,1,32,3.87,0,settled,0
CLM-0788,POL-0455,CUST-0240,AGT-0009,life,2025-08-29,101906.36,281,3,55,2.74,0,settled,0
CLM-0789,POL-0037,CUST-0148,AGT-0011,property_damage,2025-09-20,193470.17,593,3,25,5.71,0,settled,0
CLM-0790,POL-0421,CUST-0041,AGT-0006,life,2025-07-31,115653.46,233,2,28,1.32,0,pending,0
CLM-0791,POL-0161,CUST-0155,AGT-0007,property_damage,2026-03-27,213386.65,24,3,21,5.8,0,rejected,1
CLM-0792,POL-0021,CUST-0168,AGT-0020,property_damage,2025-10-23,115480.63,40,0,46,4.68,1,settled,0
CLM-0793,POL-0310,CUST-0259,AGT-0013,property_damage,2026-02-08,57013.48,595,2,40,1.94,0,pending,0
CLM-0794,POL-0278,CUST-0243,AGT-0005,life,2026-02-07,191122.3,123,2,56,8.66,0,settled,0
CLM-0795,POL-0470,CUST-0193,AGT-0018,life,2025-10-15,25940.45,274,2,52,0.4,1,settled,0
CLM-0796,POL-0210,CUST-0038,AGT-0012,health,2025-06-21,91292.87,423,3,26,1.87,1,settled,0
CLM-0797,POL-0165,CUST-0008,AGT-0009,motor_accident,2025-07-28,327645.77,25,6,30,30.24,0,rejected,1
CLM-0798,POL-0404,CUST-0162,AGT-0016,health,2025-11-18,47496.03,391,3,42,1.21,0,settled,0
CLM-0799,POL-0352,CUST-0042,AGT-0009,property_damage,2025-11-17,52594.21,96,3,26,1.99,0,pending,0
CLM-0800,POL-0466,CUST-0292,AGT-0006,property_damage,2025-09-28,90285.66,386,1,42,6.02,0,pending,0
CLM-0801,POL-0331,CUST-0099,AGT-0011,health,2026-04-15,108532.63,230,0,49,2.33,0,settled,0
CLM-0802,POL-0316,CUST-0103,AGT-0009,life,2026-01-09,14762.69,111,2,53,1.1,0,rejected,0
CLM-0803,POL-0210,CUST-0038,AGT-0012,health,2026-01-04,106499.05,267,0,64,2.19,0,settled,0
CLM-0804,POL-0121,CUST-0023,AGT-0004,property_damage,2026-03-01,486469.75,39,8,22,24.57,0,rejected,1
CLM-0805,POL-0390,CUST-0185,AGT-0008,health,2026-01-12,39890.18,576,1,40,0.98,0,settled,0
CLM-0806,POL-0259,CUST-0299,AGT-0019,health,2025-07-24,81792.11,201,0,55,2.03,0,settled,0
CLM-0807,POL-0237,CUST-0268,AGT-0014,motor_accident,2025-11-19,39153.28,142,1,35,0.52,1,pending,0
CLM-0808,POL-0271,CUST-0116,AGT-0012,property_damage,2025-07-25,137117.46,434,3,58,3.32,0,settled,0
CLM-0809,POL-0269,CUST-0220,AGT-0016,property_damage,2025-12-30,37544.63,541,1,27,0.9,0,pending,0
CLM-0810,POL-0193,CUST-0072,AGT-0004,health,2025-10-13,9655.79,528,1,26,0.35,0,rejected,0
CLM-0811,POL-0203,CUST-0082,AGT-0004,life,2025-11-22,8193.72,262,3,41,0.17,0,rejected,0
CLM-0812,POL-0213,CUST-0066,AGT-0006,life,2025-11-15,52846.37,179,0,43,1.33,0,rejected,0
CLM-0813,POL-0307,CUST-0213,AGT-0002,property_damage,2026-02-21,165113.37,594,3,27,3.6,0,settled,0
CLM-0814,POL-0006,CUST-0016,AGT-0016,property_damage,2026-05-19,33458.11,605,2,28,1.04,0,settled,0
CLM-0815,POL-0236,CUST-0283,AGT-0011,life,2025-09-24,68676.21,406,0,58,3.32,1,settled,0
CLM-0816,POL-0342,CUST-0276,AGT-0018,life,2025-07-10,147089.57,609,0,34,14.35,0,settled,0
CLM-0817,POL-0048,CUST-0061,AGT-0010,health,2026-02-21,58773.17,255,0,27,0.99,0,settled,0
CLM-0818,POL-0410,CUST-0188,AGT-0006,health,2026-05-12,34571.06,590,2,38,0.76,0,settled,0
CLM-0819,POL-0113,CUST-0217,AGT-0013,property_damage,2025-07-20,196333.47,718,3,32,4.99,0,settled,0
CLM-0820,POL-0490,CUST-0076,AGT-0010,property_damage,2025-07-31,117523.47,591,2,65,2.5,0,settled,0
CLM-0821,POL-0418,CUST-0296,AGT-0019,life,2026-05-05,319188.59,22,7,25,3.57,1,settled,1
CLM-0822,POL-0055,CUST-0012,AGT-0013,property_damage,2025-11-01,113227.75,254,1,54,3.44,0,settled,0
CLM-0823,POL-0170,CUST-0159,AGT-0006,motor_accident,2025-10-20,52286.37,668,3,29,3.31,0,settled,0
CLM-0824,POL-0213,CUST-0066,AGT-0006,life,2025-11-10,10966.13,409,0,44,0.28,0,settled,0
CLM-0825,POL-0435,CUST-0200,AGT-0013,life,2026-04-19,52431.0,198,2,35,1.76,1,pending,0
CLM-0826,POL-0077,CUST-0164,AGT-0007,motor_accident,2026-03-24,101066.45,124,1,28,2.23,0,settled,0
CLM-0827,POL-0342,CUST-0276,AGT-0018,motor_accident,2026-05-11,12883.82,347,2,31,1.26,0,settled,0
CLM-0828,POL-0460,CUST-0092,AGT-0002,motor_accident,2025-07-22,198728.82,140,2,62,20.66,0,settled,0
CLM-0829,POL-0311,CUST-0151,AGT-0015,property_damage,2026-05-15,35691.84,557,0,56,0.85,1,settled,0
CLM-0830,POL-0356,CUST-0204,AGT-0012,health,2025-12-24,93239.15,551,2,43,5.59,0,settled,0
CLM-0831,POL-0237,CUST-0268,AGT-0014,life,2026-03-28,204326.68,6,3,30,2.74,0,pending,1
CLM-0832,POL-0395,CUST-0060,AGT-0017,property_damage,2025-06-02,67390.33,274,3,52,2.53,0,settled,0
CLM-0833,POL-0187,CUST-0104,AGT-0005,life,2025-10-06,42340.28,97,0,27,1.3,0,settled,0
CLM-0834,POL-0231,CUST-0278,AGT-0014,health,2026-05-28,264417.86,28,8,26,23.67,1,rejected,1
CLM-0835,POL-0213,CUST-0066,AGT-0006,life,2026-01-09,456432.34,22,4,21,11.53,0,settled,1
CLM-0836,POL-0020,CUST-0020,AGT-0005,health,2026-02-12,128149.9,381,2,46,3.66,0,pending,0
CLM-0837,POL-0272,CUST-0086,AGT-0003,property_damage,2025-08-29,108103.36,634,1,52,2.71,0,rejected,0
CLM-0838,POL-0146,CUST-0168,AGT-0019,health,2025-12-21,84430.58,672,0,55,1.89,0,settled,0
CLM-0839,POL-0136,CUST-0290,AGT-0016,motor_accident,2025-09-02,132150.67,69,1,62,5.1,0,settled,0
CLM-0840,POL-0123,CUST-0237,AGT-0008,motor_accident,2025-09-17,88852.1,107,2,59,3.35,1,rejected,0
CLM-0841,POL-0340,CUST-0201,AGT-0018,motor_accident,2026-01-31,496103.94,14,7,31,17.89,1,settled,1
CLM-0842,POL-0372,CUST-0086,AGT-0011,health,2025-09-28,111287.33,235,0,52,2.7,0,pending,0
CLM-0843,POL-0087,CUST-0182,AGT-0009,property_damage,2026-04-12,136003.12,455,1,52,3.32,0,settled,0
CLM-0844,POL-0278,CUST-0243,AGT-0005,motor_accident,2026-01-13,129609.41,108,1,32,5.87,0,rejected,0
CLM-0845,POL-0173,CUST-0296,AGT-0003,property_damage,2026-04-19,418099.93,35,6,29,8.52,0,pending,1
CLM-0846,POL-0091,CUST-0271,AGT-0002,health,2026-03-18,41913.53,286,0,64,0.64,0,settled,0
CLM-0847,POL-0100,CUST-0053,AGT-0005,life,2026-04-08,185319.21,676,2,26,7.58,0,settled,0
CLM-0848,POL-0086,CUST-0055,AGT-0004,life,2025-11-14,129310.4,630,0,39,3.42,0,settled,0
CLM-0849,POL-0461,CUST-0293,AGT-0013,property_damage,2025-07-03,308518.3,1,7,26,15.76,0,pending,1
CLM-0850,POL-0442,CUST-0029,AGT-0009,property_damage,2026-03-31,31145.53,128,0,62,0.85,0,settled,0
CLM-0851,POL-0126,CUST-0096,AGT-0012,health,2025-06-09,165322.09,330,0,31,4.4,0,settled,0
CLM-0852,POL-0144,CUST-0251,AGT-0005,property_damage,2025-11-04,85345.82,106,2,29,1.66,0,pending,0
CLM-0853,POL-0095,CUST-0028,AGT-0004,property_damage,2025-12-12,174553.45,567,0,48,2.91,0,settled,0
CLM-0854,POL-0296,CUST-0254,AGT-0006,motor_accident,2025-06-01,161072.46,267,0,42,6.03,0,settled,0
CLM-0855,POL-0153,CUST-0220,AGT-0003,life,2026-04-14,133290.44,132,3,27,1.71,0,settled,0
CLM-0856,POL-0071,CUST-0105,AGT-0011,property_damage,2025-11-05,482144.34,38,3,22,9.44,1,rejected,1
CLM-0857,POL-0303,CUST-0050,AGT-0008,motor_accident,2025-07-13,179529.78,283,0,46,2.32,0,settled,0
CLM-0858,POL-0374,CUST-0091,AGT-0016,property_damage,2025-08-09,38027.07,728,1,51,0.99,0,settled,0
CLM-0859,POL-0281,CUST-0102,AGT-0020,health,2025-11-05,88796.01,657,3,37,2.4,1,rejected,0
CLM-0860,POL-0148,CUST-0138,AGT-0011,motor_accident,2025-11-05,125195.05,157,3,41,1.46,1,settled,0
CLM-0861,POL-0296,CUST-0254,AGT-0006,health,2026-05-08,129960.01,152,1,33,4.87,0,settled,0
CLM-0862,POL-0495,CUST-0056,AGT-0001,motor_accident,2025-11-01,192082.96,618,0,38,5.92,0,pending,0
CLM-0863,POL-0074,CUST-0109,AGT-0007,property_damage,2025-10-16,376787.17,8,5,26,8.51,1,rejected,1
CLM-0864,POL-0200,CUST-0279,AGT-0001,life,2026-05-06,174640.46,708,1,56,4.13,0,settled,0
CLM-0865,POL-0082,CUST-0025,AGT-0001,life,2026-04-05,461127.84,4,8,28,7.45,1,rejected,1
CLM-0866,POL-0144,CUST-0251,AGT-0005,health,2025-10-13,154965.44,514,0,62,3.01,0,settled,0
CLM-0867,POL-0494,CUST-0028,AGT-0015,life,2025-11-16,36289.37,255,3,33,1.08,0,settled,0
CLM-0868,POL-0329,CUST-0021,AGT-0011,property_damage,2025-11-06,26415.76,409,2,31,1.08,0,pending,0
CLM-0869,POL-0124,CUST-0203,AGT-0001,motor_accident,2026-03-16,54159.26,280,1,65,1.55,0,rejected,0
CLM-0870,POL-0215,CUST-0255,AGT-0005,life,2026-01-23,5284.8,228,1,31,0.09,0,settled,0
CLM-0871,POL-0103,CUST-0293,AGT-0017,health,2026-01-26,135618.07,646,2,31,2.07,0,settled,0
CLM-0872,POL-0242,CUST-0051,AGT-0008,motor_accident,2026-04-09,108834.77,534,1,52,5.58,1,settled,0
CLM-0873,POL-0211,CUST-0070,AGT-0006,health,2026-02-07,44967.07,452,0,31,0.96,1,settled,0
CLM-0874,POL-0050,CUST-0276,AGT-0007,life,2026-02-13,154094.24,38,6,22,2.89,1,pending,1
CLM-0875,POL-0061,CUST-0127,AGT-0015,property_damage,2025-08-27,237610.84,39,7,32,4.79,0,pending,1
CLM-0876,POL-0419,CUST-0229,AGT-0003,property_damage,2026-05-31,160165.85,368,0,30,6.1,1,settled,0
CLM-0877,POL-0386,CUST-0047,AGT-0005,property_damage,2026-02-22,140708.11,57,0,65,3.22,1,pending,0
CLM-0878,POL-0378,CUST-0043,AGT-0010,life,2026-02-05,212787.05,14,4,23,12.22,1,rejected,1
CLM-0879,POL-0372,CUST-0086,AGT-0011,health,2025-10-01,44811.9,672,2,52,1.09,0,settled,0
CLM-0880,POL-0018,CUST-0061,AGT-0005,health,2025-10-31,138465.73,460,0,30,2.9,0,pending,0
CLM-0881,POL-0137,CUST-0188,AGT-0018,health,2025-10-14,144175.85,723,2,53,8.05,0,settled,0
CLM-0882,POL-0162,CUST-0254,AGT-0013,life,2026-04-15,46758.69,50,1,50,1.11,0,rejected,0
CLM-0883,POL-0462,CUST-0037,AGT-0001,health,2026-05-04,407951.25,35,3,29,17.05,1,rejected,1
CLM-0884,POL-0410,CUST-0188,AGT-0006,motor_accident,2025-12-09,467800.44,33,7,29,10.25,0,rejected,1
CLM-0885,POL-0134,CUST-0213,AGT-0015,health,2026-03-21,31555.09,212,0,52,1.04,0,settled,0
CLM-0886,POL-0266,CUST-0042,AGT-0016,property_damage,2025-10-08,304821.68,28,8,31,12.54,1,pending,1
CLM-0887,POL-0016,CUST-0188,AGT-0013,motor_accident,2026-04-19,154035.37,2,8,32,11.89,0,pending,1
CLM-0888,POL-0043,CUST-0291,AGT-0007,motor_accident,2026-03-16,98752.08,130,3,59,1.57,0,rejected,0
CLM-0889,POL-0345,CUST-0237,AGT-0018,motor_accident,2025-08-25,469990.65,42,5,33,8.94,1,rejected,1
CLM-0890,POL-0245,CUST-0070,AGT-0017,motor_accident,2025-12-22,106833.32,108,1,36,5.55,0,settled,0
CLM-0891,POL-0223,CUST-0081,AGT-0002,property_damage,2026-04-16,13608.55,80,0,41,0.2,0,settled,0
CLM-0892,POL-0272,CUST-0086,AGT-0003,health,2025-12-18,282202.41,8,4,27,7.07,0,pending,1
CLM-0893,POL-0159,CUST-0064,AGT-0019,motor_accident,2025-11-04,158102.28,414,0,60,1.72,0,settled,0
CLM-0894,POL-0439,CUST-0096,AGT-0004,motor_accident,2026-04-30,94704.61,393,0,64,5.2,1,settled,0
CLM-0895,POL-0444,CUST-0127,AGT-0002,health,2025-08-24,167805.15,157,0,41,4.59,0,rejected,0
CLM-0896,POL-0265,CUST-0071,AGT-0007,motor_accident,2026-03-20,145045.37,222,0,50,2.73,0,settled,0
CLM-0897,POL-0268,CUST-0251,AGT-0003,life,2026-03-26,135551.56,344,3,44,2.58,0,settled,0
CLM-0898,POL-0110,CUST-0202,AGT-0012,property_damage,2025-07-12,486270.78,17,3,28,10.55,0,pending,1
CLM-0899,POL-0388,CUST-0267,AGT-0010,health,2026-01-01,175326.05,221,3,39,5.04,0,pending,0
CLM-0900,POL-0241,CUST-0138,AGT-0012,motor_accident,2026-02-05,85182.37,316,2,57,3.56,1,settled,0
CLM-0901,POL-0285,CUST-0152,AGT-0009,motor_accident,2025-06-21,106155.65,312,2,33,3.33,0,settled,0
CLM-0902,POL-0352,CUST-0042,AGT-0009,property_damage,2026-02-21,198659.58,328,1,38,7.52,0,settled,0
CLM-0903,POL-0162,CUST-0254,AGT-0013,life,2025-09-04,28825.18,257,1,31,0.68,0,settled,0
CLM-0904,POL-0025,CUST-0076,AGT-0008,health,2025-11-05,43730.68,637,0,65,2.36,0,settled,0
CLM-0905,POL-0452,CUST-0163,AGT-0018,property_damage,2025-11-13,11777.71,108,0,64,0.72,1,pending,0
CLM-0906,POL-0399,CUST-0128,AGT-0010,motor_accident,2025-08-04,173483.1,38,0,36,2.28,0,pending,0
CLM-0907,POL-0282,CUST-0152,AGT-0006,life,2026-01-16,359018.83,1,4,32,12.87,1,rejected,1
CLM-0908,POL-0470,CUST-0193,AGT-0018,health,2026-05-02,367370.34,14,6,26,5.65,1,pending,1
CLM-0909,POL-0446,CUST-0282,AGT-0017,life,2025-09-02,155514.15,323,0,59,2.78,0,settled,0
CLM-0910,POL-0072,CUST-0027,AGT-0009,health,2026-04-24,84419.41,204,1,38,7.39,1,settled,0
CLM-0911,POL-0173,CUST-0296,AGT-0003,motor_accident,2025-11-25,22983.82,67,2,33,0.47,1,settled,0
CLM-0912,POL-0253,CUST-0157,AGT-0009,motor_accident,2026-05-10,88590.56,77,0,32,4.18,0,rejected,0
CLM-0913,POL-0454,CUST-0278,AGT-0016,life,2026-04-24,81165.0,652,0,26,1.33,0,settled,0
CLM-0914,POL-0488,CUST-0180,AGT-0020,health,2025-10-20,47627.79,378,2,28,0.73,0,settled,0
CLM-0915,POL-0218,CUST-0215,AGT-0006,motor_accident,2026-04-02,130609.43,176,1,58,7.2,0,settled,0
CLM-0916,POL-0407,CUST-0266,AGT-0015,health,2025-11-04,92248.85,228,2,44,1.63,0,pending,0
CLM-0917,POL-0315,CUST-0007,AGT-0017,motor_accident,2025-09-14,15413.07,713,2,53,0.17,0,settled,0
CLM-0918,POL-0363,CUST-0265,AGT-0013,life,2026-01-21,251272.36,37,4,35,11.46,0,rejected,1
CLM-0919,POL-0388,CUST-0267,AGT-0010,property_damage,2025-08-22,116693.54,670,3,64,3.35,1,settled,0
CLM-0920,POL-0456,CUST-0278,AGT-0012,property_damage,2025-08-15,33310.3,404,3,65,1.03,1,pending,0
CLM-0921,POL-0455,CUST-0240,AGT-0009,health,2026-01-01,125662.81,229,1,37,3.38,0,settled,0
CLM-0922,POL-0289,CUST-0140,AGT-0013,motor_accident,2025-10-09,187818.16,447,0,60,4.58,0,settled,0
CLM-0923,POL-0090,CUST-0088,AGT-0003,health,2025-09-07,65352.84,263,1,45,2.67,1,pending,0
CLM-0924,POL-0429,CUST-0277,AGT-0006,life,2025-12-08,60516.78,33,2,51,0.95,0,pending,0
CLM-0925,POL-0303,CUST-0050,AGT-0008,life,2025-08-11,111177.58,180,3,42,1.44,0,settled,0
CLM-0926,POL-0473,CUST-0284,AGT-0017,property_damage,2025-08-12,7911.95,523,3,31,0.71,0,settled,0
CLM-0927,POL-0432,CUST-0177,AGT-0010,property_damage,2025-09-13,57074.18,584,1,40,1.16,1,settled,0
CLM-0928,POL-0427,CUST-0146,AGT-0015,life,2025-11-13,98291.38,259,0,25,3.86,1,pending,0
CLM-0929,POL-0427,CUST-0146,AGT-0015,property_damage,2026-05-18,80501.55,236,0,30,3.16,0,pending,0
CLM-0930,POL-0271,CUST-0116,AGT-0012,property_damage,2026-05-04,376899.82,6,5,31,9.12,1,pending,1
CLM-0931,POL-0101,CUST-0053,AGT-0001,property_damage,2026-02-08,190137.62,687,3,65,7.73,0,settled,0
CLM-0932,POL-0459,CUST-0210,AGT-0011,life,2026-03-21,91325.51,318,3,35,1.32,0,settled,0
CLM-0933,POL-0306,CUST-0062,AGT-0013,life,2025-11-16,156811.87,6,8,34,2.28,1,settled,1
CLM-0934,POL-0359,CUST-0190,AGT-0008,property_damage,2026-04-27,18024.85,299,0,50,1.09,1,rejected,0
CLM-0935,POL-0233,CUST-0203,AGT-0002,life,2026-04-06,187762.13,351,2,35,3.23,0,settled,0
CLM-0936,POL-0006,CUST-0016,AGT-0016,life,2026-04-04,199241.62,198,0,30,6.21,1,settled,0
CLM-0937,POL-0423,CUST-0267,AGT-0015,property_damage,2025-11-20,135578.41,165,3,56,1.64,1,pending,0
CLM-0938,POL-0039,CUST-0019,AGT-0013,health,2025-08-08,111311.81,344,2,62,2.74,0,settled,0
CLM-0939,POL-0151,CUST-0155,AGT-0006,health,2025-10-12,194750.32,126,3,42,4.34,0,settled,0
CLM-0940,POL-0204,CUST-0113,AGT-0019,health,2026-04-23,26115.11,175,3,56,1.12,1,pending,0
CLM-0941,POL-0450,CUST-0128,AGT-0006,life,2026-03-05,165023.8,579,1,31,3.32,0,settled,0
CLM-0942,POL-0402,CUST-0128,AGT-0020,motor_accident,2025-09-10,123266.35,269,3,39,6.06,1,pending,0
CLM-0943,POL-0015,CUST-0147,AGT-0018,life,2025-11-06,116622.95,490,0,56,4.43,1,settled,0
CLM-0944,POL-0245,CUST-0070,AGT-0017,health,2026-05-24,83518.57,538,1,50,4.34,1,settled,0
CLM-0945,POL-0277,CUST-0011,AGT-0002,health,2026-04-17,380618.69,11,4,24,11.71,1,settled,1
CLM-0946,POL-0398,CUST-0118,AGT-0011,motor_accident,2025-09-06,197830.31,137,2,50,3.52,1,settled,0
CLM-0947,POL-0293,CUST-0134,AGT-0011,property_damage,2026-01-31,348753.46,30,7,21,6.31,1,pending,1
CLM-0948,POL-0402,CUST-0128,AGT-0020,health,2025-06-26,8152.43,192,1,27,0.4,0,settled,0
CLM-0949,POL-0367,CUST-0108,AGT-0019,motor_accident,2025-07-04,103935.44,328,1,44,1.76,1,pending,0
CLM-0950,POL-0321,CUST-0280,AGT-0020,health,2025-08-26,94287.66,66,3,30,1.83,0,settled,0
CLM-0951,POL-0101,CUST-0053,AGT-0001,motor_accident,2025-07-21,194561.37,221,0,64,7.91,0,pending,0
CLM-0952,POL-0313,CUST-0177,AGT-0005,health,2026-03-26,79972.51,183,3,57,1.94,0,settled,0
CLM-0953,POL-0253,CUST-0157,AGT-0009,health,2025-06-16,12445.09,688,2,58,0.59,0,settled,0
CLM-0954,POL-0027,CUST-0032,AGT-0005,property_damage,2025-06-14,177188.99,709,2,49,5.81,0,settled,0
CLM-0955,POL-0345,CUST-0237,AGT-0018,property_damage,2026-01-23,247858.98,35,4,33,4.71,1,pending,1
CLM-0956,POL-0236,CUST-0283,AGT-0011,health,2025-06-16,43240.91,391,2,36,2.09,0,settled,0
CLM-0957,POL-0405,CUST-0204,AGT-0008,motor_accident,2025-06-15,173942.71,229,0,46,2.2,0,settled,0
CLM-0958,POL-0273,CUST-0223,AGT-0005,health,2025-11-06,145872.06,524,1,46,5.87,0,rejected,0
CLM-0959,POL-0176,CUST-0092,AGT-0002,life,2025-11-23,157428.1,408,0,39,5.58,1,settled,0
CLM-0960,POL-0135,CUST-0150,AGT-0002,life,2025-06-17,190167.53,602,2,26,2.92,1,settled,0
CLM-0961,POL-0004,CUST-0258,AGT-0006,health,2026-05-07,127484.91,152,0,32,2.32,0,pending,0
CLM-0962,POL-0121,CUST-0023,AGT-0004,property_damage,2025-10-11,12349.66,402,1,50,0.62,0,pending,0
CLM-0963,POL-0055,CUST-0012,AGT-0013,motor_accident,2026-01-30,38834.38,664,1,51,1.18,0,settled,0
CLM-0964,POL-0024,CUST-0243,AGT-0009,motor_accident,2026-05-13,367269.78,10,8,34,9.8,0,rejected,1
CLM-0965,POL-0197,CUST-0089,AGT-0012,health,2025-09-29,189855.15,154,3,60,8.49,0,pending,0
CLM-0966,POL-0121,CUST-0023,AGT-0004,life,2025-10-30,107722.7,386,3,35,5.44,0,pending,0
CLM-0967,POL-0260,CUST-0184,AGT-0017,health,2025-09-21,152086.55,581,3,42,3.43,0,settled,0
CLM-0968,POL-0380,CUST-0162,AGT-0014,property_damage,2025-06-01,59524.68,677,2,62,2.72,0,settled,0
CLM-0969,POL-0258,CUST-0255,AGT-0010,motor_accident,2026-03-23,485301.79,8,3,33,6.52,1,settled,1
CLM-0970,POL-0022,CUST-0173,AGT-0017,health,2026-03-25,64834.05,684,1,62,0.82,0,settled,0
CLM-0971,POL-0445,CUST-0243,AGT-0013,life,2025-08-20,45627.07,361,2,55,1.27,0,settled,0
CLM-0972,POL-0156,CUST-0053,AGT-0011,life,2026-03-19,106362.76,661,3,49,2.1,1,settled,0
CLM-0973,POL-0230,CUST-0116,AGT-0009,health,2025-11-24,158821.39,329,3,34,2.88,0,settled,0
CLM-0974,POL-0112,CUST-0036,AGT-0014,health,2026-02-18,38710.41,586,0,33,0.7,0,settled,0
CLM-0975,POL-0320,CUST-0007,AGT-0009,life,2026-03-11,282004.72,1,3,29,2.9,0,pending,1
CLM-0976,POL-0177,CUST-0139,AGT-0003,health,2026-02-28,207770.7,31,6,29,5.21,0,rejected,1
CLM-0977,POL-0165,CUST-0008,AGT-0009,motor_accident,2025-12-16,194792.73,605,2,55,17.98,0,pending,0
CLM-0978,POL-0419,CUST-0229,AGT-0003,life,2026-05-04,135607.93,494,3,60,5.17,0,settled,0
CLM-0979,POL-0492,CUST-0281,AGT-0016,health,2025-08-15,314070.37,5,6,31,15.56,0,rejected,1
CLM-0980,POL-0167,CUST-0143,AGT-0003,life,2025-12-15,35262.37,610,1,51,1.33,0,settled,0
CLM-0981,POL-0328,CUST-0288,AGT-0001,health,2025-08-09,112861.6,177,1,35,3.87,0,rejected,0
CLM-0982,POL-0164,CUST-0188,AGT-0018,life,2026-02-08,65071.98,457,0,56,1.62,0,pending,0
CLM-0983,POL-0127,CUST-0271,AGT-0011,motor_accident,2026-02-28,116353.52,297,2,61,5.19,0,rejected,0
CLM-0984,POL-0002,CUST-0166,AGT-0008,life,2025-09-04,38994.46,101,1,28,2.03,0,rejected,0
CLM-0985,POL-0252,CUST-0243,AGT-0005,motor_accident,2026-03-24,164412.55,171,1,33,4.61,0,settled,0
CLM-0986,POL-0281,CUST-0102,AGT-0020,life,2025-09-08,12343.14,75,2,60,0.33,0,settled,0
CLM-0987,POL-0179,CUST-0005,AGT-0012,life,2026-04-30,140197.32,411,2,36,3.04,0,settled,0
CLM-0988,POL-0009,CUST-0177,AGT-0013,life,2026-04-27,63910.19,427,0,61,2.49,1,settled,0
CLM-0989,POL-0447,CUST-0185,AGT-0002,property_damage,2025-06-26,180215.25,125,0,34,5.7,1,pending,0
CLM-0990,POL-0245,CUST-0070,AGT-0017,motor_accident,2025-08-09,174232.11,553,1,28,9.04,1,settled,0
CLM-0991,POL-0108,CUST-0154,AGT-0011,health,2026-03-15,102473.72,653,0,34,2.19,0,pending,0
CLM-0992,POL-0444,CUST-0127,AGT-0002,motor_accident,2026-04-02,141578.39,501,3,54,3.88,0,pending,0
CLM-0993,POL-0067,CUST-0285,AGT-0016,life,2026-01-24,13160.97,662,0,53,0.24,0,pending,0
CLM-0994,POL-0151,CUST-0155,AGT-0006,life,2025-07-02,89132.47,375,1,59,1.99,0,rejected,0
CLM-0995,POL-0054,CUST-0234,AGT-0019,life,2025-07-15,424750.35,12,3,22,13.9,1,rejected,1
CLM-0996,POL-0296,CUST-0254,AGT-0006,health,2025-06-07,196486.85,183,2,49,7.36,0,settled,0
CLM-0997,POL-0430,CUST-0178,AGT-0016,health,2025-06-10,163040.6,700,0,38,2.63,1,settled,0
CLM-0998,POL-0118,CUST-0248,AGT-0004,property_damage,2025-11-14,28136.81,312,1,52,0.59,0,settled,0
CLM-0999,POL-0434,CUST-0281,AGT-0012,life,2026-03-29,479529.43,10,3,23,15.94,1,pending,1
CLM-1000,POL-0119,CUST-0073,AGT-0012,motor_accident,2025-11-01,59196.5,200,0,53,2.63,0,settled,0
