customer_id,user_id,name,email,dob,age,address,kyc_status,agent_id
CUST-0001,USR-0001,Rahul Kumar,rahul.kumar1@email.com,2004-06-06,22,"380, East Avenue, India",verified,AGT-0008
CUST-0002,USR-0002,Arjun Kumar,arjun.kumar2@email.com,1962-06-17,64,"380, Central Avenue, India",verified,AGT-0019
CUST-0003,USR-0003,Sneha Patel,sneha.patel3@email.com,2004-06-06,22,"48, South Avenue, India",verified,AGT-0017
CUST-0004,USR-0004,Pooja Sharma,pooja.sharma4@email.com,1970-06-15,56,"102, Central Avenue, India",pending,AGT-0008
CUST-0005,USR-0005,Riya Bose,riya.bose5@email.com,1988-06-10,38,"415, North Avenue, India",verified,AGT-0014
CUST-0006,USR-0006,Ananya Reddy,ananya.reddy6@email.com,1996-06-08,30,"111, East Avenue, India",verified,AGT-0003
CUST-0007,USR-0007,Priya Kumar,priya.kumar7@email.com,1983-06-12,43,"434, East Avenue, India",rejected,AGT-0009
CUST-0008,USR-0008,Deepak Patel,deepak.patel8@email.com,1959-06-18,67,"236, Central Avenue, India",verified,AGT-0013
CUST-0009,USR-0009,Aditya Chatterjee,aditya.chatterjee9@email.com,1987-06-11,39,"425, Central Avenue, India",pending,AGT-0019
CUST-0010,USR-0010,Ayaan Singh,ayaan.singh10@email.com,2003-06-07,23,"339, South Avenue, India",pending,AGT-0003
CUST-0011,USR-0011,Ravi Nair,ravi.nair11@email.com,1999-06-08,27,"195, East Avenue, India",pending,AGT-0012
CUST-0012,USR-0012,Reyansh Pandey,reyansh.pandey12@email.com,1983-06-12,43,"108, East Avenue, India",rejected,AGT-0003
CUST-0013,USR-0013,Pooja Gupta,pooja.gupta13@email.com,1971-06-15,55,"374, South Avenue, India",verified,AGT-0015
CUST-0014,USR-0014,Priya Reddy,priya.reddy14@email.com,1965-06-16,61,"353, Central Avenue, India",verified,AGT-0011
CUST-0015,USR-0015,Manoj Patel,manoj.patel15@email.com,1991-06-10,35,"421, North Avenue, India",pending,AGT-0013
CUST-0016,USR-0016,Ishaan Singh,ishaan.singh16@email.com,1992-06-09,34,"468, Central Avenue, India",rejected,AGT-0011
CUST-0017,USR-0017,Ayaan Iyer,ayaan.iyer17@email.com,1980-06-12,46,"453, West Avenue, India",verified,AGT-0009
CUST-0018,USR-0018,Arjun Nair,arjun.nair18@email.com,1958-06-18,68,"288, Central Avenue, India",pending,AGT-0019
CUST-0019,USR-0019,Sneha Bose,sneha.bose19@email.com,1980-06-12,46,"186, South Avenue, India",verified,AGT-0017
CUST-0020,USR-0020,Kavya Singh,kavya.singh20@email.com,1957-06-18,69,"25, North Avenue, India",verified,AGT-0006
CUST-0021,USR-0021,Deepak Shah,deepak.shah21@email.com,1967-06-16,59,"33, West Avenue, India",pending,AGT-0020
CUST-0022,USR-0022,Riya Menon,riya.menon22@email.com,1989-06-10,37,"498, Central Avenue, India",verified,AGT-0004
CUST-0023,USR-0023,Amit Chatterjee,amit.chatterjee23@email.com,1957-06-18,69,"137, East Avenue, India",verified,AGT-0010
CUST-0024,USR-0024,Sneha Gupta,sneha.gupta24@email.com,1976-06-13,50,"2, East Avenue, India",rejected,AGT-0006
CUST-0025,USR-0025,Meera Kumar,meera.kumar25@email.com,1965-06-16,61,"153, Central Avenue, India",rejected,AGT-0007
CUST-0026,USR-0026,Arjun Pandey,arjun.pandey26@email.com,1957-06-18,69,"83, Central Avenue, India",rejected,AGT-0001
CUST-0027,USR-0027,Pooja Mishra,pooja.mishra27@email.com,1974-06-14,52,"10, North Avenue, India",pending,AGT-0010
CUST-0028,USR-0028,Krishna Patel,krishna.patel28@email.com,1990-06-10,36,"450, Central Avenue, India",verified,AGT-0003
CUST-0029,USR-0029,Suresh Iyer,suresh.iyer29@email.com,2001-06-07,25,"390, Central Avenue, India",verified,AGT-0005
CUST-0030,USR-0030,Amit Iyer,amit.iyer30@email.com,1970-06-15,56,"85, East Avenue, India",rejected,AGT-0020
CUST-0031,USR-0031,Sneha Joshi,sneha.joshi31@email.com,1971-06-15,55,"387, South Avenue, India",rejected,AGT-0010
CUST-0032,USR-0032,Priya Pandey,priya.pandey32@email.com,1977-06-13,49,"461, Central Avenue, India",pending,AGT-0004
CUST-0033,USR-0033,Krishna Nair,krishna.nair33@email.com,2001-06-07,25,"174, North Avenue, India",rejected,AGT-0018
CUST-0034,USR-0034,Krishna Bose,krishna.bose34@email.com,1991-06-10,35,"4, North Avenue, India",rejected,AGT-0002
CUST-0035,USR-0035,Krishna Singh,krishna.singh35@email.com,2003-06-07,23,"441, East Avenue, India",verified,AGT-0017
CUST-0036,USR-0036,Krishna Reddy,krishna.reddy36@email.com,1963-06-17,63,"249, South Avenue, India",rejected,AGT-0005
CUST-0037,USR-0037,Suresh Bose,suresh.bose37@email.com,1969-06-15,57,"243, South Avenue, India",pending,AGT-0014
CUST-0038,USR-0038,Ayaan Kumar,ayaan.kumar38@email.com,1999-06-08,27,"338, West Avenue, India",pending,AGT-0014
CUST-0039,USR-0039,Sneha Desai,sneha.desai39@email.com,1959-06-18,67,"28, North Avenue, India",verified,AGT-0013
CUST-0040,USR-0040,Suresh Mishra,suresh.mishra40@email.com,1999-06-08,27,"128, South Avenue, India",verified,AGT-0018
CUST-0041,USR-0041,Riya Verma,riya.verma41@email.com,1978-06-13,48,"94, East Avenue, India",pending,AGT-0008
CUST-0042,USR-0042,Ravi Singh,ravi.singh42@email.com,1977-06-13,49,"414, Central Avenue, India",verified,AGT-0002
CUST-0043,USR-0043,Rahul Chatterjee,rahul.chatterjee43@email.com,2005-06-06,21,"497, North Avenue, India",verified,AGT-0006
CUST-0044,USR-0044,Sneha Iyer,sneha.iyer44@email.com,1975-06-14,51,"110, West Avenue, India",verified,AGT-0006
CUST-0045,USR-0045,Priya Sharma,priya.sharma45@email.com,1981-06-12,45,"136, West Avenue, India",pending,AGT-0014
CUST-0046,USR-0046,Vikram Chatterjee,vikram.chatterjee46@email.com,1963-06-17,63,"368, West Avenue, India",verified,AGT-0007
CUST-0047,USR-0047,Shaurya Joshi,shaurya.joshi47@email.com,2002-06-07,24,"297, Central Avenue, India",verified,AGT-0011
CUST-0048,USR-0048,Vivaan Patel,vivaan.patel48@email.com,1968-06-15,58,"245, Central Avenue, India",rejected,AGT-0006
CUST-0049,USR-0049,Vivaan Menon,vivaan.menon49@email.com,2000-06-07,26,"436, South Avenue, India",verified,AGT-0020
CUST-0050,USR-0050,Aditya Nair,aditya.nair50@email.com,1980-06-12,46,"62, Central Avenue, India",verified,AGT-0019
CUST-0051,USR-0051,Pooja Patel,pooja.patel51@email.com,1966-06-16,60,"42, West Avenue, India",rejected,AGT-0019
CUST-0052,USR-0052,Nidhi Menon,nidhi.menon52@email.com,1985-06-11,41,"479, East Avenue, India",verified,AGT-0011
CUST-0053,USR-0053,Krishna Reddy,krishna.reddy53@email.com,1980-06-12,46,"68, East Avenue, India",pending,AGT-0011
CUST-0054,USR-0054,Neha Singh,neha.singh54@email.com,2005-06-06,21,"235, Central Avenue, India",rejected,AGT-0004
CUST-0055,USR-0055,Aditya Chatterjee,aditya.chatterjee55@email.com,1992-06-09,34,"260, East Avenue, India",verified,AGT-0012
CUST-0056,USR-0056,Kiran Singh,kiran.singh56@email.com,1990-06-10,36,"190, East Avenue, India",verified,AGT-0015
CUST-0057,USR-0057,Manoj Chatterjee,manoj.chatterjee57@email.com,1960-06-17,66,"155, Central Avenue, India",rejected,AGT-0017
CUST-0058,USR-0058,Aarav Chatterjee,aarav.chatterjee58@email.com,1986-06-11,40,"478, North Avenue, India",verified,AGT-0009
CUST-0059,USR-0059,Sai Kumar,sai.kumar59@email.com,1958-06-18,68,"284, South Avenue, India",pending,AGT-0010
CUST-0060,USR-0060,Pooja Joshi,pooja.joshi60@email.com,1960-06-17,66,"176, South Avenue, India",rejected,AGT-0009
CUST-0061,USR-0061,Meera Iyer,meera.iyer61@email.com,1989-06-10,37,"464, North Avenue, India",verified,AGT-0014
CUST-0062,USR-0062,Manoj Reddy,manoj.reddy62@email.com,2003-06-07,23,"2, East Avenue, India",verified,AGT-0009
CUST-0063,USR-0063,Reyansh Desai,reyansh.desai63@email.com,1970-06-15,56,"362, West Avenue, India",rejected,AGT-0001
CUST-0064,USR-0064,Sai Singh,sai.singh64@email.com,1961-06-17,65,"463, South Avenue, India",rejected,AGT-0002
CUST-0065,USR-0065,Manoj Pandey,manoj.pandey65@email.com,1968-06-15,58,"283, South Avenue, India",pending,AGT-0005
CUST-0066,USR-0066,Vivaan Rao,vivaan.rao66@email.com,1982-06-12,44,"461, North Avenue, India",pending,AGT-0007
CUST-0067,USR-0067,Amit Nair,amit.nair67@email.com,1963-06-17,63,"53, East Avenue, India",rejected,AGT-0014
CUST-0068,USR-0068,Pooja Verma,pooja.verma68@email.com,1990-06-10,36,"443, South Avenue, India",verified,AGT-0014
CUST-0069,USR-0069,Aarav Gupta,aarav.gupta69@email.com,1958-06-18,68,"474, East Avenue, India",pending,AGT-0008
CUST-0070,USR-0070,Ishaan Gupta,ishaan.gupta70@email.com,1961-06-17,65,"56, West Avenue, India",verified,AGT-0016
CUST-0071,USR-0071,Krishna Joshi,krishna.joshi71@email.com,1976-06-13,50,"180, East Avenue, India",verified,AGT-0008
CUST-0072,USR-0072,Aarav Joshi,aarav.joshi72@email.com,1980-06-12,46,"169, East Avenue, India",verified,AGT-0009
CUST-0073,USR-0073,Diya Menon,diya.menon73@email.com,1980-06-12,46,"348, Central Avenue, India",pending,AGT-0001
CUST-0074,USR-0074,Sai Reddy,sai.reddy74@email.com,1994-06-09,32,"298, East Avenue, India",verified,AGT-0004
CUST-0075,USR-0075,Pooja Shah,pooja.shah75@email.com,1983-06-12,43,"374, East Avenue, India",pending,AGT-0020
CUST-0076,USR-0076,Meera Kumar,meera.kumar76@email.com,1981-06-12,45,"461, Central Avenue, India",verified,AGT-0009
CUST-0077,USR-0077,Vivaan Shah,vivaan.shah77@email.com,2005-06-06,21,"267, Central Avenue, India",rejected,AGT-0007
CUST-0078,USR-0078,Diya Shah,diya.shah78@email.com,2001-06-07,25,"486, East Avenue, India",rejected,AGT-0011
CUST-0079,USR-0079,Amit Kumar,amit.kumar79@email.com,1959-06-18,67,"461, East Avenue, India",rejected,AGT-0010
CUST-0080,USR-0080,Amit Shah,amit.shah80@email.com,1985-06-11,41,"207, East Avenue, India",rejected,AGT-0005
CUST-0081,USR-0081,Ayaan Shah,ayaan.shah81@email.com,1963-06-17,63,"482, West Avenue, India",rejected,AGT-0006
CUST-0082,USR-0082,Pooja Bose,pooja.bose82@email.com,1986-06-11,40,"208, Central Avenue, India",verified,AGT-0010
CUST-0083,USR-0083,Shaurya Joshi,shaurya.joshi83@email.com,1978-06-13,48,"403, Central Avenue, India",rejected,AGT-0011
CUST-0084,USR-0084,Riya Desai,riya.desai84@email.com,1977-06-13,49,"346, South Avenue, India",rejected,AGT-0016
CUST-0085,USR-0085,Deepak Gupta,deepak.gupta85@email.com,1963-06-17,63,"44, East Avenue, India",rejected,AGT-0020
CUST-0086,USR-0086,Ananya Singh,ananya.singh86@email.com,1957-06-18,69,"121, East Avenue, India",verified,AGT-0007
CUST-0087,USR-0087,Arjun Sharma,arjun.sharma87@email.com,2003-06-07,23,"126, West Avenue, India",rejected,AGT-0003
CUST-0088,USR-0088,Riya Shah,riya.shah88@email.com,1965-06-16,61,"295, South Avenue, India",rejected,AGT-0013
CUST-0089,USR-0089,Kavya Mehta,kavya.mehta89@email.com,1990-06-10,36,"76, North Avenue, India",verified,AGT-0014
CUST-0090,USR-0090,Krishna Gupta,krishna.gupta90@email.com,1961-06-17,65,"266, West Avenue, India",verified,AGT-0018
CUST-0091,USR-0091,Krishna Kumar,krishna.kumar91@email.com,1976-06-13,50,"69, West Avenue, India",rejected,AGT-0017
CUST-0092,USR-0092,Isha Das,isha.das92@email.com,1985-06-11,41,"487, West Avenue, India",rejected,AGT-0017
CUST-0093,USR-0093,Sneha Chatterjee,sneha.chatterjee93@email.com,1977-06-13,49,"460, South Avenue, India",rejected,AGT-0016
CUST-0094,USR-0094,Riya Reddy,riya.reddy94@email.com,1957-06-18,69,"127, East Avenue, India",rejected,AGT-0016
CUST-0095,USR-0095,Rahul Nair,rahul.nair95@email.com,1988-06-10,38,"226, North Avenue, India",rejected,AGT-0010
CUST-0096,USR-0096,Krishna Reddy,krishna.reddy96@email.com,1984-06-11,42,"164, Central Avenue, India",verified,AGT-0005
CUST-0097,USR-0097,Arjun Nair,arjun.nair97@email.com,1981-06-12,45,"356, South Avenue, India",rejected,AGT-0007
CUST-0098,USR-0098,Aditya Shah,aditya.shah98@email.com,1979-06-13,47,"170, Central Avenue, India",pending,AGT-0014
CUST-0099,USR-0099,Vivaan Joshi,vivaan.joshi99@email.com,1979-06-13,47,"200, Central Avenue, India",rejected,AGT-0001
CUST-0100,USR-0100,Ravi Bose,ravi.bose100@email.com,1981-06-12,45,"245, North Avenue, India",pending,AGT-0010
CUST-0101,USR-0101,Rajesh Mehta,rajesh.mehta101@email.com,1979-06-13,47,"276, Central Avenue, India",rejected,AGT-0008
CUST-0102,USR-0102,Kavya Nair,kavya.nair102@email.com,1988-06-10,38,"224, West Avenue, India",verified,AGT-0013
CUST-0103,USR-0103,Ananya Mehta,ananya.mehta103@email.com,1959-06-18,67,"85, West Avenue, India",verified,AGT-0020
CUST-0104,USR-0104,Isha Sharma,isha.sharma104@email.com,1980-06-12,46,"304, Central Avenue, India",rejected,AGT-0001
CUST-0105,USR-0105,Aditya Shah,aditya.shah105@email.com,1997-06-08,29,"444, West Avenue, India",verified,AGT-0002
CUST-0106,USR-0106,Ishaan Mehta,ishaan.mehta106@email.com,1985-06-11,41,"109, West Avenue, India",pending,AGT-0011
CUST-0107,USR-0107,Rajesh Mehta,rajesh.mehta107@email.com,1988-06-10,38,"386, West Avenue, India",pending,AGT-0003
CUST-0108,USR-0108,Kavya Sharma,kavya.sharma108@email.com,1958-06-18,68,"277, North Avenue, India",pending,AGT-0008
CUST-0109,USR-0109,Rahul Singh,rahul.singh109@email.com,1956-06-18,70,"491, North Avenue, India",verified,AGT-0008
CUST-0110,USR-0110,Ayaan Sharma,ayaan.sharma110@email.com,1966-06-16,60,"79, South Avenue, India",verified,AGT-0016
CUST-0111,USR-0111,Amit Kumar,amit.kumar111@email.com,1969-06-15,57,"486, South Avenue, India",pending,AGT-0009
CUST-0112,USR-0112,Rajesh Pandey,rajesh.pandey112@email.com,1995-06-09,31,"311, Central Avenue, India",rejected,AGT-0004
CUST-0113,USR-0113,Rajesh Gupta,rajesh.gupta113@email.com,1986-06-11,40,"56, Central Avenue, India",verified,AGT-0010
CUST-0114,USR-0114,Nidhi Mehta,nidhi.mehta114@email.com,1980-06-12,46,"483, South Avenue, India",verified,AGT-0019
CUST-0115,USR-0115,Vikram Nair,vikram.nair115@email.com,1999-06-08,27,"357, East Avenue, India",rejected,AGT-0020
CUST-0116,USR-0116,Deepak Kumar,deepak.kumar116@email.com,1969-06-15,57,"401, North Avenue, India",pending,AGT-0018
CUST-0117,USR-0117,Sneha Pandey,sneha.pandey117@email.com,2001-06-07,25,"260, East Avenue, India",verified,AGT-0014
CUST-0118,USR-0118,Manoj Iyer,manoj.iyer118@email.com,1999-06-08,27,"222, East Avenue, India",rejected,AGT-0015
CUST-0119,USR-0119,Vikram Verma,vikram.verma119@email.com,1978-06-13,48,"91, Central Avenue, India",rejected,AGT-0009
CUST-0120,USR-0120,Pooja Chatterjee,pooja.chatterjee120@email.com,1956-06-18,70,"248, West Avenue, India",pending,AGT-0019
CUST-0121,USR-0121,Ishaan Mishra,ishaan.mishra121@email.com,1990-06-10,36,"426, North Avenue, India",pending,AGT-0015
CUST-0122,USR-0122,Krishna Desai,krishna.desai122@email.com,1969-06-15,57,"313, West Avenue, India",pending,AGT-0001
CUST-0123,USR-0123,Kavya Mishra,kavya.mishra123@email.com,1994-06-09,32,"250, South Avenue, India",pending,AGT-0009
CUST-0124,USR-0124,Ananya Reddy,ananya.reddy124@email.com,1967-06-16,59,"360, East Avenue, India",rejected,AGT-0001
CUST-0125,USR-0125,Meera Joshi,meera.joshi125@email.com,2000-06-07,26,"124, West Avenue, India",pending,AGT-0018
CUST-0126,USR-0126,Rajesh Nair,rajesh.nair126@email.com,1961-06-17,65,"244, West Avenue, India",pending,AGT-0001
CUST-0127,USR-0127,Aditya Rao,aditya.rao127@email.com,1991-06-10,35,"208, South Avenue, India",pending,AGT-0019
CUST-0128,USR-0128,Diya Iyer,diya.iyer128@email.com,1970-06-15,56,"272, East Avenue, India",pending,AGT-0018
CUST-0129,USR-0129,Ananya Pandey,ananya.pandey129@email.com,1961-06-17,65,"233, East Avenue, India",pending,AGT-0009
CUST-0130,USR-0130,Krishna Kumar,krishna.kumar130@email.com,1959-06-18,67,"99, East Avenue, India",verified,AGT-0018
CUST-0131,USR-0131,Rajesh Gupta,rajesh.gupta131@email.com,1993-06-09,33,"111, West Avenue, India",pending,AGT-0019
CUST-0132,USR-0132,Rajesh Menon,rajesh.menon132@email.com,1967-06-16,59,"145, North Avenue, India",verified,AGT-0010
CUST-0133,USR-0133,Krishna Pandey,krishna.pandey133@email.com,1994-06-09,32,"155, North Avenue, India",rejected,AGT-0018
CUST-0134,USR-0134,Arjun Reddy,arjun.reddy134@email.com,2003-06-07,23,"499, North Avenue, India",rejected,AGT-0010
CUST-0135,USR-0135,Vikram Verma,vikram.verma135@email.com,1965-06-16,61,"445, West Avenue, India",verified,AGT-0001
CUST-0136,USR-0136,Nidhi Rao,nidhi.rao136@email.com,1975-06-14,51,"246, West Avenue, India",pending,AGT-0006
CUST-0137,USR-0137,Vivaan Reddy,vivaan.reddy137@email.com,1975-06-14,51,"59, North Avenue, India",pending,AGT-0016
CUST-0138,USR-0138,Aditya Bose,aditya.bose138@email.com,1965-06-16,61,"352, North Avenue, India",verified,AGT-0005
CUST-0139,USR-0139,Deepak Bose,deepak.bose139@email.com,1986-06-11,40,"44, South Avenue, India",verified,AGT-0018
CUST-0140,USR-0140,Rajesh Shah,rajesh.shah140@email.com,1967-06-16,59,"306, Central Avenue, India",verified,AGT-0017
CUST-0141,USR-0141,Priya Desai,priya.desai141@email.com,1977-06-13,49,"153, Central Avenue, India",pending,AGT-0010
CUST-0142,USR-0142,Nidhi Das,nidhi.das142@email.com,2002-06-07,24,"313, North Avenue, India",verified,AGT-0007
CUST-0143,USR-0143,Ishaan Singh,ishaan.singh143@email.com,1995-06-09,31,"123, South Avenue, India",rejected,AGT-0003
CUST-0144,USR-0144,Reyansh Sharma,reyansh.sharma144@email.com,1979-06-13,47,"231, Central Avenue, India",pending,AGT-0010
CUST-0145,USR-0145,Vivaan Nair,vivaan.nair145@email.com,1987-06-11,39,"362, East Avenue, India",rejected,AGT-0015
CUST-0146,USR-0146,Aditya Nair,aditya.nair146@email.com,1989-06-10,37,"404, Central Avenue, India",rejected,AGT-0007
CUST-0147,USR-0147,Sneha Kumar,sneha.kumar147@email.com,1971-06-15,55,"116, South Avenue, India",pending,AGT-0005
CUST-0148,USR-0148,Aditya Patel,aditya.patel148@email.com,1995-06-09,31,"406, East Avenue, India",rejected,AGT-0019
CUST-0149,USR-0149,Neha Rao,neha.rao149@email.com,1977-06-13,49,"64, West Avenue, India",rejected,AGT-0010
CUST-0150,USR-0150,Vikram Mehta,vikram.mehta150@email.com,1988-06-10,38,"257, Central Avenue, India",pending,AGT-0015
CUST-0151,USR-0151,Aditya Das,aditya.das151@email.com,2003-06-07,23,"456, West Avenue, India",rejected,AGT-0011
CUST-0152,USR-0152,Pooja Reddy,pooja.reddy152@email.com,2004-06-06,22,"47, South Avenue, India",rejected,AGT-0019
CUST-0153,USR-0153,Nidhi Sharma,nidhi.sharma153@email.com,1957-06-18,69,"345, East Avenue, India",rejected,AGT-0002
CUST-0154,USR-0154,Rajesh Gupta,rajesh.gupta154@email.com,1975-06-14,51,"266, West Avenue, India",pending,AGT-0006
CUST-0155,USR-0155,Nidhi Shah,nidhi.shah155@email.com,1965-06-16,61,"417, West Avenue, India",verified,AGT-0016
CUST-0156,USR-0156,Diya Shah,diya.shah156@email.com,1984-06-11,42,"165, North Avenue, India",verified,AGT-0011
CUST-0157,USR-0157,Sneha Iyer,sneha.iyer157@email.com,1987-06-11,39,"340, West Avenue, India",rejected,AGT-0002
CUST-0158,USR-0158,Riya Singh,riya.singh158@email.com,1985-06-11,41,"130, East Avenue, India",verified,AGT-0013
CUST-0159,USR-0159,Ravi Menon,ravi.menon159@email.com,2005-06-06,21,"337, Central Avenue, India",pending,AGT-0014
CUST-0160,USR-0160,Vivaan Joshi,vivaan.joshi160@email.com,1972-06-14,54,"186, Central Avenue, India",pending,AGT-0015
CUST-0161,USR-0161,Rajesh Patel,rajesh.patel161@email.com,1992-06-09,34,"137, Central Avenue, India",verified,AGT-0010
CUST-0162,USR-0162,Riya Iyer,riya.iyer162@email.com,1998-06-08,28,"15, Central Avenue, India",verified,AGT-0006
CUST-0163,USR-0163,Shaurya Chatterjee,shaurya.chatterjee163@email.com,2005-06-06,21,"283, West Avenue, India",verified,AGT-0008
CUST-0164,USR-0164,Manoj Kumar,manoj.kumar164@email.com,1976-06-13,50,"485, North Avenue, India",rejected,AGT-0005
CUST-0165,USR-0165,Kavya Rao,kavya.rao165@email.com,1973-06-14,53,"362, East Avenue, India",pending,AGT-0016
CUST-0166,USR-0166,Kavya Nair,kavya.nair166@email.com,1976-06-13,50,"283, South Avenue, India",pending,AGT-0007
CUST-0167,USR-0167,Neha Das,neha.das167@email.com,1973-06-14,53,"383, South Avenue, India",verified,AGT-0009
CUST-0168,USR-0168,Rajesh Shah,rajesh.shah168@email.com,1984-06-11,42,"479, Central Avenue, India",pending,AGT-0001
CUST-0169,USR-0169,Shaurya Rao,shaurya.rao169@email.com,1968-06-15,58,"297, West Avenue, India",verified,AGT-0015
CUST-0170,USR-0170,Isha Iyer,isha.iyer170@email.com,1983-06-12,43,"171, Central Avenue, India",rejected,AGT-0013
CUST-0171,USR-0171,Riya Mishra,riya.mishra171@email.com,1993-06-09,33,"358, South Avenue, India",rejected,AGT-0013
CUST-0172,USR-0172,Krishna Shah,krishna.shah172@email.com,2003-06-07,23,"163, West Avenue, India",rejected,AGT-0013
CUST-0173,USR-0173,Priya Verma,priya.verma173@email.com,1974-06-14,52,"494, North Avenue, India",verified,AGT-0017
CUST-0174,USR-0174,Nidhi Mishra,nidhi.mishra174@email.com,1999-06-08,27,"448, West Avenue, India",verified,AGT-0017
CUST-0175,USR-0175,Neha Desai,neha.desai175@email.com,2005-06-06,21,"370, South Avenue, India",pending,AGT-0005
CUST-0176,USR-0176,Aditya Iyer,aditya.iyer176@email.com,1989-06-10,37,"174, Central Avenue, India",rejected,AGT-0013
CUST-0177,USR-0177,Rahul Singh,rahul.singh177@email.com,1984-06-11,42,"437, Central Avenue, India",pending,AGT-0011
CUST-0178,USR-0178,Rahul Iyer,rahul.iyer178@email.com,1971-06-15,55,"19, Central Avenue, India",verified,AGT-0008
CUST-0179,USR-0179,Rahul Rao,rahul.rao179@email.com,1991-06-10,35,"383, North Avenue, India",pending,AGT-0004
CUST-0180,USR-0180,Rajesh Kumar,rajesh.kumar180@email.com,1977-06-13,49,"86, East Avenue, India",verified,AGT-0002
CUST-0181,USR-0181,Ananya Patel,ananya.patel181@email.com,1987-06-11,39,"184, East Avenue, India",pending,AGT-0005
CUST-0182,USR-0182,Krishna Menon,krishna.menon182@email.com,1979-06-13,47,"290, South Avenue, India",verified,AGT-0006
CUST-0183,USR-0183,Aditya Das,aditya.das183@email.com,1981-06-12,45,"318, South Avenue, India",pending,AGT-0019
CUST-0184,USR-0184,Arjun Nair,arjun.nair184@email.com,1976-06-13,50,"327, East Avenue, India",pending,AGT-0009
CUST-0185,USR-0185,Amit Sharma,amit.sharma185@email.com,1976-06-13,50,"462, East Avenue, India",rejected,AGT-0018
CUST-0186,USR-0186,Reyansh Singh,reyansh.singh186@email.com,1977-06-13,49,"484, East Avenue, India",rejected,AGT-0010
CUST-0187,USR-0187,Rahul Shah,rahul.shah187@email.com,1961-06-17,65,"129, West Avenue, India",pending,AGT-0007
CUST-0188,USR-0188,Priya Iyer,priya.iyer188@email.com,1999-06-08,27,"122, West Avenue, India",rejected,AGT-0012
CUST-0189,USR-0189,Nidhi Rao,nidhi.rao189@email.com,1961-06-17,65,"152, North Avenue, India",rejected,AGT-0013
CUST-0190,USR-0190,Ishaan Sharma,ishaan.sharma190@email.com,1969-06-15,57,"443, North Avenue, India",rejected,AGT-0016
CUST-0191,USR-0191,Manoj Rao,manoj.rao191@email.com,1956-06-18,70,"410, South Avenue, India",rejected,AGT-0012
CUST-0192,USR-0192,Krishna Joshi,krishna.joshi192@email.com,1966-06-16,60,"129, South Avenue, India",rejected,AGT-0004
CUST-0193,USR-0193,Kiran Patel,kiran.patel193@email.com,1986-06-11,40,"404, West Avenue, India",verified,AGT-0019
CUST-0194,USR-0194,Diya Verma,diya.verma194@email.com,2000-06-07,26,"466, East Avenue, India",pending,AGT-0014
CUST-0195,USR-0195,Reyansh Joshi,reyansh.joshi195@email.com,1997-06-08,29,"403, Central Avenue, India",pending,AGT-0017
CUST-0196,USR-0196,Meera Reddy,meera.reddy196@email.com,1995-06-09,31,"132, West Avenue, India",pending,AGT-0011
CUST-0197,USR-0197,Deepak Kumar,deepak.kumar197@email.com,1976-06-13,50,"494, North Avenue, India",verified,AGT-0008
CUST-0198,USR-0198,Ravi Mehta,ravi.mehta198@email.com,1970-06-15,56,"188, North Avenue, India",pending,AGT-0001
CUST-0199,USR-0199,Ishaan Chatterjee,ishaan.chatterjee199@email.com,1998-06-08,28,"233, East Avenue, India",rejected,AGT-0009
CUST-0200,USR-0200,Nidhi Mehta,nidhi.mehta200@email.com,1965-06-16,61,"482, East Avenue, India",verified,AGT-0008
CUST-0201,USR-0201,Kavya Sharma,kavya.sharma201@email.com,1966-06-16,60,"453, Central Avenue, India",pending,AGT-0020
CUST-0202,USR-0202,Krishna Singh,krishna.singh202@email.com,1965-06-16,61,"422, West Avenue, India",rejected,AGT-0010
CUST-0203,USR-0203,Rahul Shah,rahul.shah203@email.com,1998-06-08,28,"72, North Avenue, India",verified,AGT-0010
CUST-0204,USR-0204,Kavya Kumar,kavya.kumar204@email.com,1999-06-08,27,"121, Central Avenue, India",verified,AGT-0013
CUST-0205,USR-0205,Riya Pandey,riya.pandey205@email.com,1963-06-17,63,"487, Central Avenue, India",pending,AGT-0019
CUST-0206,USR-0206,Suresh Verma,suresh.verma206@email.com,1979-06-13,47,"336, North Avenue, India",pending,AGT-0020
CUST-0207,USR-0207,Sneha Reddy,sneha.reddy207@email.com,2003-06-07,23,"354, East Avenue, India",verified,AGT-0015
CUST-0208,USR-0208,Riya Nair,riya.nair208@email.com,1982-06-12,44,"51, East Avenue, India",rejected,AGT-0012
CUST-0209,USR-0209,Vivaan Mehta,vivaan.mehta209@email.com,1988-06-10,38,"98, North Avenue, India",pending,AGT-0003
CUST-0210,USR-0210,Amit Joshi,amit.joshi210@email.com,1964-06-16,62,"328, Central Avenue, India",verified,AGT-0002
CUST-0211,USR-0211,Deepak Mishra,deepak.mishra211@email.com,1990-06-10,36,"65, Central Avenue, India",verified,AGT-0003
CUST-0212,USR-0212,Manoj Chatterjee,manoj.chatterjee212@email.com,1992-06-09,34,"301, South Avenue, India",verified,AGT-0011
CUST-0213,USR-0213,Rajesh Verma,rajesh.verma213@email.com,1967-06-16,59,"2, East Avenue, India",verified,AGT-0005
CUST-0214,USR-0214,Isha Reddy,isha.reddy214@email.com,1994-06-09,32,"57, North Avenue, India",verified,AGT-0001
CUST-0215,USR-0215,Diya Nair,diya.nair215@email.com,1968-06-15,58,"166, North Avenue, India",verified,AGT-0009
CUST-0216,USR-0216,Vivaan Verma,vivaan.verma216@email.com,1958-06-18,68,"216, Central Avenue, India",verified,AGT-0003
CUST-0217,USR-0217,Kavya Desai,kavya.desai217@email.com,1956-06-18,70,"186, Central Avenue, India",rejected,AGT-0004
CUST-0218,USR-0218,Riya Menon,riya.menon218@email.com,1991-06-10,35,"485, Central Avenue, India",verified,AGT-0017
CUST-0219,USR-0219,Shaurya Desai,shaurya.desai219@email.com,1964-06-16,62,"494, North Avenue, India",verified,AGT-0016
CUST-0220,USR-0220,Ravi Mehta,ravi.mehta220@email.com,1978-06-13,48,"352, North Avenue, India",pending,AGT-0015
CUST-0221,USR-0221,Aditya Singh,aditya.singh221@email.com,1985-06-11,41,"312, South Avenue, India",verified,AGT-0005
CUST-0222,USR-0222,Ishaan Das,ishaan.das222@email.com,1965-06-16,61,"300, Central Avenue, India",rejected,AGT-0011
CUST-0223,USR-0223,Priya Das,priya.das223@email.com,1972-06-14,54,"151, West Avenue, India",rejected,AGT-0020
CUST-0224,USR-0224,Sneha Kumar,sneha.kumar224@email.com,1961-06-17,65,"59, Central Avenue, India",rejected,AGT-0007
CUST-0225,USR-0225,Sneha Desai,sneha.desai225@email.com,1991-06-10,35,"212, East Avenue, India",pending,AGT-0013
CUST-0226,USR-0226,Sneha Kumar,sneha.kumar226@email.com,1985-06-11,41,"219, East Avenue, India",rejected,AGT-0009
CUST-0227,USR-0227,Diya Verma,diya.verma227@email.com,1962-06-17,64,"473, West Avenue, India",verified,AGT-0003
CUST-0228,USR-0228,Manoj Singh,manoj.singh228@email.com,2000-06-07,26,"222, North Avenue, India",rejected,AGT-0012
CUST-0229,USR-0229,Deepak Verma,deepak.verma229@email.com,1970-06-15,56,"31, Central Avenue, India",rejected,AGT-0018
CUST-0230,USR-0230,Ananya Kumar,ananya.kumar230@email.com,1979-06-13,47,"182, West Avenue, India",rejected,AGT-0002
CUST-0231,USR-0231,Shaurya Das,shaurya.das231@email.com,1986-06-11,40,"181, North Avenue, India",rejected,AGT-0017
CUST-0232,USR-0232,Ayaan Verma,ayaan.verma232@email.com,1963-06-17,63,"247, South Avenue, India",verified,AGT-0012
CUST-0233,USR-0233,Ravi Chatterjee,ravi.chatterjee233@email.com,1982-06-12,44,"59, East Avenue, India",rejected,AGT-0008
CUST-0234,USR-0234,Deepak Shah,deepak.shah234@email.com,1970-06-15,56,"499, Central Avenue, India",rejected,AGT-0018
CUST-0235,USR-0235,Aarav Das,aarav.das235@email.com,1963-06-17,63,"425, East Avenue, India",verified,AGT-0006
CUST-0236,USR-0236,Ishaan Rao,ishaan.rao236@email.com,1984-06-11,42,"180, North Avenue, India",verified,AGT-0005
CUST-0237,USR-0237,Nidhi Mehta,nidhi.mehta237@email.com,2001-06-07,25,"73, North Avenue, India",verified,AGT-0017
CUST-0238,USR-0238,Ayaan Mehta,ayaan.mehta238@email.com,1979-06-13,47,"233, East Avenue, India",verified,AGT-0012
CUST-0239,USR-0239,Shaurya Mishra,shaurya.mishra239@email.com,1956-06-18,70,"483, Central Avenue, India",rejected,AGT-0003
CUST-0240,USR-0240,Kiran Patel,kiran.patel240@email.com,1996-06-08,30,"81, Central Avenue, India",verified,AGT-0003
CUST-0241,USR-0241,Ishaan Desai,ishaan.desai241@email.com,1963-06-17,63,"218, West Avenue, India",rejected,AGT-0015
CUST-0242,USR-0242,Sneha Reddy,sneha.reddy242@email.com,1992-06-09,34,"387, Central Avenue, India",verified,AGT-0012
CUST-0243,USR-0243,Sneha Kumar,sneha.kumar243@email.com,1987-06-11,39,"348, Central Avenue, India",pending,AGT-0017
CUST-0244,USR-0244,Amit Rao,amit.rao244@email.com,2003-06-07,23,"113, West Avenue, India",rejected,AGT-0002
CUST-0245,USR-0245,Aarav Joshi,aarav.joshi245@email.com,1986-06-11,40,"485, South Avenue, India",verified,AGT-0009
CUST-0246,USR-0246,Shaurya Mishra,shaurya.mishra246@email.com,1998-06-08,28,"4, West Avenue, India",rejected,AGT-0014
CUST-0247,USR-0247,Reyansh Verma,reyansh.verma247@email.com,1981-06-12,45,"273, South Avenue, India",rejected,AGT-0018
CUST-0248,USR-0248,Manoj Pandey,manoj.pandey248@email.com,2001-06-07,25,"204, North Avenue, India",pending,AGT-0001
CUST-0249,USR-0249,Riya Singh,riya.singh249@email.com,1985-06-11,41,"295, West Avenue, India",rejected,AGT-0013
CUST-0250,USR-0250,Vikram Shah,vikram.shah250@email.com,1987-06-11,39,"59, West Avenue, India",verified,AGT-0011
CUST-0251,USR-0251,Reyansh Das,reyansh.das251@email.com,1976-06-13,50,"426, East Avenue, India",verified,AGT-0014
CUST-0252,USR-0252,Ravi Kumar,ravi.kumar252@email.com,1990-06-10,36,"224, Central Avenue, India",pending,AGT-0017
CUST-0253,USR-0253,Aditya Mehta,aditya.mehta253@email.com,1986-06-11,40,"382, East Avenue, India",verified,AGT-0011
CUST-0254,USR-0254,Rajesh Gupta,rajesh.gupta254@email.com,2001-06-07,25,"262, North Avenue, India",rejected,AGT-0017
CUST-0255,USR-0255,Ayaan Pandey,ayaan.pandey255@email.com,1983-06-12,43,"373, South Avenue, India",verified,AGT-0004
CUST-0256,USR-0256,Arjun Reddy,arjun.reddy256@email.com,1993-06-09,33,"89, Central Avenue, India",verified,AGT-0003
CUST-0257,USR-0257,Reyansh Iyer,reyansh.iyer257@email.com,1976-06-13,50,"387, Central Avenue, India",rejected,AGT-0015
CUST-0258,USR-0258,Amit Bose,amit.bose258@email.com,1964-06-16,62,"326, Central Avenue, India",pending,AGT-0011
CUST-0259,USR-0259,Arjun Desai,arjun.desai259@email.com,2001-06-07,25,"241, West Avenue, India",rejected,AGT-0010
CUST-0260,USR-0260,Deepak Reddy,deepak.reddy260@email.com,1968-06-15,58,"29, East Avenue, India",rejected,AGT-0003
CUST-0261,USR-0261,Shaurya Desai,shaurya.desai261@email.com,1977-06-13,49,"20, North Avenue, India",pending,AGT-0010
CUST-0262,USR-0262,Aditya Singh,aditya.singh262@email.com,1966-06-16,60,"305, Central Avenue, India",pending,AGT-0015
CUST-0263,USR-0263,Nidhi Chatterjee,nidhi.chatterjee263@email.com,1958-06-18,68,"459, North Avenue, India",pending,AGT-0019
CUST-0264,USR-0264,Rahul Joshi,rahul.joshi264@email.com,1985-06-11,41,"310, West Avenue, India",rejected,AGT-0005
CUST-0265,USR-0265,Vivaan Desai,vivaan.desai265@email.com,1999-06-08,27,"416, East Avenue, India",rejected,AGT-0003
CUST-0266,USR-0266,Meera Gupta,meera.gupta266@email.com,2003-06-07,23,"127, West Avenue, India",pending,AGT-0017
CUST-0267,USR-0267,Meera Das,meera.das267@email.com,1995-06-09,31,"187, East Avenue, India",pending,AGT-0013
CUST-0268,USR-0268,Sneha Mishra,sneha.mishra268@email.com,1962-06-17,64,"307, North Avenue, India",rejected,AGT-0011
CUST-0269,USR-0269,Aditya Mishra,aditya.mishra269@email.com,1999-06-08,27,"286, West Avenue, India",pending,AGT-0009
CUST-0270,USR-0270,Suresh Das,suresh.das270@email.com,1996-06-08,30,"171, North Avenue, India",rejected,AGT-0005
CUST-0271,USR-0271,Neha Pandey,neha.pandey271@email.com,1986-06-11,40,"496, West Avenue, India",verified,AGT-0020
CUST-0272,USR-0272,Vikram Singh,vikram.singh272@email.com,1986-06-11,40,"287, West Avenue, India",rejected,AGT-0011
CUST-0273,USR-0273,Manoj Verma,manoj.verma273@email.com,1963-06-17,63,"360, Central Avenue, India",verified,AGT-0014
CUST-0274,USR-0274,Meera Pandey,meera.pandey274@email.com,2004-06-06,22,"186, East Avenue, India",verified,AGT-0007
CUST-0275,USR-0275,Ananya Iyer,ananya.iyer275@email.com,1993-06-09,33,"116, South Avenue, India",verified,AGT-0003
CUST-0276,USR-0276,Shaurya Kumar,shaurya.kumar276@email.com,1973-06-14,53,"395, Central Avenue, India",rejected,AGT-0017
CUST-0277,USR-0277,Vivaan Mishra,vivaan.mishra277@email.com,1956-06-18,70,"317, South Avenue, India",rejected,AGT-0013
CUST-0278,USR-0278,Arjun Gupta,arjun.gupta278@email.com,1994-06-09,32,"426, Central Avenue, India",verified,AGT-0015
CUST-0279,USR-0279,Vivaan Shah,vivaan.shah279@email.com,1982-06-12,44,"347, South Avenue, India",pending,AGT-0020
CUST-0280,USR-0280,Shaurya Desai,shaurya.desai280@email.com,1991-06-10,35,"274, South Avenue, India",pending,AGT-0016
CUST-0281,USR-0281,Kiran Joshi,kiran.joshi281@email.com,1982-06-12,44,"348, Central Avenue, India",pending,AGT-0015
CUST-0282,USR-0282,Rajesh Rao,rajesh.rao282@email.com,1956-06-18,70,"196, Central Avenue, India",rejected,AGT-0014
CUST-0283,USR-0283,Reyansh Joshi,reyansh.joshi283@email.com,1967-06-16,59,"71, East Avenue, India",verified,AGT-0016
CUST-0284,USR-0284,Ravi Pandey,ravi.pandey284@email.com,1970-06-15,56,"479, North Avenue, India",rejected,AGT-0017
CUST-0285,USR-0285,Ravi Kumar,ravi.kumar285@email.com,1987-06-11,39,"43, South Avenue, India",pending,AGT-0015
CUST-0286,USR-0286,Kiran Menon,kiran.menon286@email.com,1996-06-08,30,"426, West Avenue, India",verified,AGT-0008
CUST-0287,USR-0287,Manoj Desai,manoj.desai287@email.com,1983-06-12,43,"477, North Avenue, India",pending,AGT-0002
CUST-0288,USR-0288,Priya Menon,priya.menon288@email.com,1982-06-12,44,"121, West Avenue, India",verified,AGT-0012
CUST-0289,USR-0289,Krishna Sharma,krishna.sharma289@email.com,1985-06-11,41,"477, North Avenue, India",rejected,AGT-0011
CUST-0290,USR-0290,Deepak Verma,deepak.verma290@email.com,1997-06-08,29,"20, East Avenue, India",pending,AGT-0005
CUST-0291,USR-0291,Rajesh Iyer,rajesh.iyer291@email.com,1977-06-13,49,"316, North Avenue, India",verified,AGT-0001
CUST-0292,USR-0292,Ishaan Joshi,ishaan.joshi292@email.com,1996-06-08,30,"281, Central Avenue, India",rejected,AGT-0014
CUST-0293,USR-0293,Sai Rao,sai.rao293@email.com,1990-06-10,36,"155, North Avenue, India",verified,AGT-0008
CUST-0294,USR-0294,Sneha Das,sneha.das294@email.com,1976-06-13,50,"33, North Avenue, India",pending,AGT-0020
CUST-0295,USR-0295,Isha Sharma,isha.sharma295@email.com,1965-06-16,61,"264, Central Avenue, India",verified,AGT-0005
CUST-0296,USR-0296,Shaurya Shah,shaurya.shah296@email.com,2005-06-06,21,"315, East Avenue, India",verified,AGT-0019
CUST-0297,USR-0297,Sneha Gupta,sneha.gupta297@email.com,1963-06-17,63,"343, North Avenue, India",rejected,AGT-0012
CUST-0298,USR-0298,Aditya Menon,aditya.menon298@email.com,1971-06-15,55,"260, Central Avenue, India",rejected,AGT-0001
CUST-0299,USR-0299,Priya Iyer,priya.iyer299@email.com,2003-06-07,23,"326, West Avenue, India",pending,AGT-0009
CUST-0300,USR-0300,Suresh Sharma,suresh.sharma300@email.com,1983-06-12,43,"404, North Avenue, India",pending,AGT-0008
