policy_id,customer_id,agent_id,product_id,product_type,start_date,end_date,premium_amount,term_months,status
POL-0001,CUST-0067,AGT-0014,PROD-004,Life,2025-02-08,2028-01-24,30266.77,36,active
POL-0002,CUST-0166,AGT-0008,PROD-001,Motor,2026-01-24,2028-01-14,19252.61,24,active
POL-0003,CUST-0101,AGT-0018,PROD-003,Property,2024-12-16,2027-12-01,69985.69,36,active
POL-0004,CUST-0258,AGT-0006,PROD-003,Property,2026-01-23,2029-01-07,54937.84,36,active
POL-0005,CUST-0015,AGT-0003,PROD-002,Health,2025-12-07,2028-11-21,52126.5,36,active
POL-0006,CUST-0016,AGT-0016,PROD-001,Motor,2024-08-13,2027-07-29,32091.81,36,lapsed
POL-0007,CUST-0153,AGT-0015,PROD-003,Property,2024-08-12,2027-07-28,46391.41,36,lapsed
POL-0008,CUST-0248,AGT-0015,PROD-001,Motor,2024-06-25,2025-06-20,13848.98,12,renewed
POL-0009,CUST-0177,AGT-0013,PROD-002,Health,2025-06-17,2027-06-07,25629.12,24,active
POL-0010,CUST-0063,AGT-0009,PROD-002,Health,2025-05-17,2026-05-12,25955.79,12,renewed
POL-0011,CUST-0197,AGT-0020,PROD-004,Life,2025-09-20,2027-09-10,27744.93,24,active
POL-0012,CUST-0098,AGT-0006,PROD-004,Life,2025-09-19,2027-09-09,85078.23,24,active
POL-0013,CUST-0255,AGT-0001,PROD-004,Life,2024-12-20,2029-11-24,59900.78,60,active
POL-0014,CUST-0299,AGT-0012,PROD-001,Motor,2025-04-24,2030-03-29,43767.41,60,active
POL-0015,CUST-0147,AGT-0018,PROD-001,Motor,2026-04-10,2029-03-25,26311.09,36,lapsed
POL-0016,CUST-0188,AGT-0013,PROD-001,Motor,2026-02-10,2031-01-15,12955.59,60,active
POL-0017,CUST-0186,AGT-0018,PROD-003,Property,2026-04-15,2031-03-20,18325.25,60,active
POL-0018,CUST-0061,AGT-0005,PROD-003,Property,2026-03-17,2031-02-19,47776.61,60,active
POL-0019,CUST-0286,AGT-0012,PROD-001,Motor,2025-04-23,2028-04-07,37411.2,36,active
POL-0020,CUST-0020,AGT-0005,PROD-002,Health,2025-11-09,2030-10-14,35003.9,60,active
POL-0021,CUST-0168,AGT-0020,PROD-003,Property,2025-01-31,2030-01-05,24681.14,60,active
POL-0022,CUST-0173,AGT-0017,PROD-003,Property,2025-12-16,2030-11-20,79390.02,60,active
POL-0023,CUST-0189,AGT-0011,PROD-004,Life,2024-06-05,2027-05-21,57991.41,36,active
POL-0024,CUST-0243,AGT-0009,PROD-001,Motor,2025-03-31,2028-03-15,37479.93,36,active
POL-0025,CUST-0076,AGT-0008,PROD-002,Health,2026-04-09,2031-03-14,18525.6,60,lapsed
POL-0026,CUST-0161,AGT-0014,PROD-001,Motor,2024-10-22,2025-10-17,15059.02,12,renewed
POL-0027,CUST-0032,AGT-0005,PROD-002,Health,2025-04-04,2027-03-25,30518.87,24,lapsed
POL-0028,CUST-0270,AGT-0013,PROD-002,Health,2024-11-03,2027-10-19,59906.14,36,lapsed
POL-0029,CUST-0280,AGT-0012,PROD-003,Property,2025-12-05,2030-11-09,74288.07,60,active
POL-0030,CUST-0143,AGT-0018,PROD-003,Property,2024-09-14,2029-08-19,27497.17,60,active
POL-0031,CUST-0251,AGT-0011,PROD-003,Property,2025-10-13,2028-09-27,65126.33,36,active
POL-0032,CUST-0203,AGT-0012,PROD-004,Life,2025-06-08,2028-05-23,43023.15,36,lapsed
POL-0033,CUST-0178,AGT-0015,PROD-002,Health,2025-08-07,2026-08-02,24381.52,12,active
POL-0034,CUST-0288,AGT-0009,PROD-003,Property,2025-01-26,2027-01-16,28134.42,24,active
POL-0035,CUST-0120,AGT-0002,PROD-002,Health,2026-02-09,2028-01-30,22122.9,24,active
POL-0036,CUST-0071,AGT-0001,PROD-001,Motor,2025-04-03,2028-03-18,34542.25,36,active
POL-0037,CUST-0148,AGT-0011,PROD-002,Health,2025-04-10,2030-03-15,33872.43,60,active
POL-0038,CUST-0294,AGT-0008,PROD-003,Property,2024-08-08,2025-08-03,74015.9,12,expired
POL-0039,CUST-0019,AGT-0013,PROD-001,Motor,2025-12-03,2030-11-07,40643.06,60,active
POL-0040,CUST-0153,AGT-0019,PROD-004,Life,2025-11-22,2028-11-06,90139.45,36,active
POL-0041,CUST-0069,AGT-0017,PROD-001,Motor,2025-06-22,2028-06-06,24810.92,36,lapsed
POL-0042,CUST-0084,AGT-0015,PROD-004,Life,2025-08-25,2027-08-15,84705.11,24,active
POL-0043,CUST-0291,AGT-0007,PROD-003,Property,2025-11-22,2026-11-17,62880.16,12,active
POL-0044,CUST-0045,AGT-0013,PROD-002,Health,2024-09-13,2029-08-18,51349.49,60,active
POL-0045,CUST-0004,AGT-0009,PROD-001,Motor,2025-11-23,2027-11-13,25665.8,24,active
POL-0046,CUST-0155,AGT-0019,PROD-004,Life,2025-10-02,2030-09-06,80300.53,60,active
POL-0047,CUST-0061,AGT-0015,PROD-001,Motor,2025-09-06,2028-08-21,33632.44,36,active
POL-0048,CUST-0061,AGT-0010,PROD-003,Property,2025-12-19,2030-11-23,59594.79,60,active
POL-0049,CUST-0245,AGT-0005,PROD-003,Property,2024-09-09,2026-08-30,29243.36,24,active
POL-0050,CUST-0276,AGT-0007,PROD-004,Life,2024-09-18,2027-09-03,53267.65,36,lapsed
POL-0051,CUST-0186,AGT-0003,PROD-002,Health,2024-07-04,2025-06-29,36275.33,12,lapsed
POL-0052,CUST-0085,AGT-0011,PROD-001,Motor,2026-03-29,2028-03-18,29189.96,24,active
POL-0053,CUST-0047,AGT-0017,PROD-004,Life,2026-02-01,2028-01-22,77353.44,24,lapsed
POL-0054,CUST-0234,AGT-0019,PROD-004,Life,2026-04-05,2031-03-10,30555.55,60,lapsed
POL-0055,CUST-0012,AGT-0013,PROD-001,Motor,2024-11-05,2029-10-10,32892.41,60,active
POL-0056,CUST-0217,AGT-0012,PROD-003,Property,2026-05-28,2028-05-17,52590.23,24,active
POL-0057,CUST-0242,AGT-0002,PROD-001,Motor,2024-11-23,2025-11-18,42579.56,12,expired
POL-0058,CUST-0192,AGT-0013,PROD-003,Property,2025-04-08,2027-03-29,64983.18,24,lapsed
POL-0059,CUST-0179,AGT-0004,PROD-004,Life,2025-05-10,2030-04-14,26420.0,60,active
POL-0060,CUST-0002,AGT-0001,PROD-002,Health,2024-11-27,2029-11-01,36442.13,60,active
POL-0061,CUST-0127,AGT-0015,PROD-003,Property,2025-02-11,2030-01-16,49575.68,60,active
POL-0062,CUST-0017,AGT-0014,PROD-003,Property,2025-12-24,2028-12-08,27251.23,36,active
POL-0063,CUST-0229,AGT-0020,PROD-001,Motor,2025-09-27,2027-09-17,10489.76,24,active
POL-0064,CUST-0277,AGT-0007,PROD-001,Motor,2025-09-23,2026-09-18,22883.82,12,active
POL-0065,CUST-0296,AGT-0020,PROD-001,Motor,2026-01-08,2028-12-23,16663.98,36,active
POL-0066,CUST-0212,AGT-0010,PROD-003,Property,2025-10-01,2028-09-15,71956.79,36,active
POL-0067,CUST-0285,AGT-0016,PROD-003,Property,2026-03-30,2028-03-19,55689.55,24,lapsed
POL-0068,CUST-0214,AGT-0014,PROD-001,Motor,2025-06-13,2030-05-18,37074.77,60,active
POL-0069,CUST-0124,AGT-0008,PROD-002,Health,2025-07-28,2030-07-02,19193.95,60,lapsed
POL-0070,CUST-0288,AGT-0014,PROD-003,Property,2024-06-06,2026-05-27,67375.45,24,expired
POL-0071,CUST-0105,AGT-0011,PROD-004,Life,2024-11-07,2026-10-28,51073.52,24,active
POL-0072,CUST-0027,AGT-0009,PROD-001,Motor,2025-02-25,2028-02-10,11421.17,36,active
POL-0073,CUST-0287,AGT-0007,PROD-004,Life,2024-07-11,2025-07-06,89889.64,12,expired
POL-0074,CUST-0109,AGT-0007,PROD-004,Life,2025-10-30,2028-10-14,44255.04,36,active
POL-0075,CUST-0204,AGT-0008,PROD-001,Motor,2025-01-26,2027-01-16,33738.17,24,active
POL-0076,CUST-0158,AGT-0009,PROD-003,Property,2025-08-15,2030-07-20,45306.28,60,active
POL-0077,CUST-0164,AGT-0007,PROD-003,Property,2024-12-22,2029-11-26,45290.26,60,lapsed
POL-0078,CUST-0075,AGT-0001,PROD-003,Property,2025-07-15,2030-06-19,17971.5,60,active
POL-0079,CUST-0169,AGT-0008,PROD-003,Property,2024-11-11,2029-10-16,34187.5,60,active
POL-0080,CUST-0132,AGT-0016,PROD-004,Life,2024-10-25,2026-10-15,59944.12,24,active
POL-0081,CUST-0087,AGT-0005,PROD-004,Life,2025-02-14,2027-02-04,78621.78,24,active
POL-0082,CUST-0025,AGT-0001,PROD-004,Life,2025-11-24,2026-11-19,61915.55,12,active
POL-0083,CUST-0005,AGT-0007,PROD-004,Life,2026-01-11,2028-01-01,25437.44,24,active
POL-0084,CUST-0248,AGT-0016,PROD-004,Life,2025-05-14,2026-05-09,69426.82,12,lapsed
POL-0085,CUST-0275,AGT-0010,PROD-001,Motor,2026-05-25,2031-04-29,8438.49,60,active
POL-0086,CUST-0055,AGT-0004,PROD-001,Motor,2025-01-02,2029-12-07,37828.2,60,active
POL-0087,CUST-0182,AGT-0009,PROD-002,Health,2025-09-27,2027-09-17,40989.04,24,active
POL-0088,CUST-0290,AGT-0008,PROD-004,Life,2026-03-12,2029-02-24,96743.82,36,lapsed
POL-0089,CUST-0048,AGT-0013,PROD-002,Health,2025-07-28,2026-07-23,42686.79,12,active
POL-0090,CUST-0088,AGT-0003,PROD-004,Life,2025-05-10,2030-04-14,24489.2,60,active
POL-0091,CUST-0271,AGT-0002,PROD-004,Life,2025-03-13,2028-02-26,65268.53,36,active
POL-0092,CUST-0144,AGT-0018,PROD-002,Health,2025-10-27,2030-10-01,23554.75,60,active
POL-0093,CUST-0074,AGT-0013,PROD-001,Motor,2025-11-29,2028-11-13,8579.35,36,active
POL-0094,CUST-0277,AGT-0011,PROD-001,Motor,2025-07-29,2027-07-19,28866.45,24,lapsed
POL-0095,CUST-0028,AGT-0004,PROD-004,Life,2026-01-08,2027-01-03,60063.43,12,active
POL-0096,CUST-0168,AGT-0001,PROD-004,Life,2025-10-06,2026-10-01,47247.42,12,lapsed
POL-0097,CUST-0222,AGT-0006,PROD-003,Property,2025-02-24,2030-01-29,29829.0,60,lapsed
POL-0098,CUST-0043,AGT-0009,PROD-004,Life,2026-03-05,2029-02-17,83844.41,36,active
POL-0099,CUST-0185,AGT-0004,PROD-002,Health,2025-05-07,2027-04-27,46982.76,24,active
POL-0100,CUST-0053,AGT-0005,PROD-001,Motor,2026-05-26,2029-05-10,24455.23,36,active
POL-0101,CUST-0053,AGT-0001,PROD-001,Motor,2025-11-21,2030-10-26,24607.22,60,lapsed
POL-0102,CUST-0198,AGT-0001,PROD-001,Motor,2025-06-03,2026-05-29,30086.21,12,renewed
POL-0103,CUST-0293,AGT-0017,PROD-003,Property,2025-04-03,2030-03-08,65645.99,60,active
POL-0104,CUST-0155,AGT-0009,PROD-002,Health,2024-06-29,2029-06-03,18475.09,60,active
POL-0105,CUST-0216,AGT-0010,PROD-004,Life,2026-01-02,2026-12-28,33376.59,12,active
POL-0106,CUST-0254,AGT-0020,PROD-004,Life,2026-03-14,2029-02-26,40135.98,36,active
POL-0107,CUST-0203,AGT-0011,PROD-002,Health,2025-02-17,2026-02-12,16774.48,12,expired
POL-0108,CUST-0154,AGT-0011,PROD-004,Life,2025-06-28,2030-06-02,46778.9,60,active
POL-0109,CUST-0164,AGT-0010,PROD-002,Health,2025-01-26,2028-01-11,18881.86,36,lapsed
POL-0110,CUST-0202,AGT-0012,PROD-004,Life,2024-10-19,2026-10-09,46070.9,24,active
POL-0111,CUST-0282,AGT-0001,PROD-001,Motor,2024-10-31,2026-10-21,29912.4,24,active
POL-0112,CUST-0036,AGT-0014,PROD-004,Life,2024-06-05,2026-05-26,55076.4,24,renewed
POL-0113,CUST-0217,AGT-0013,PROD-004,Life,2026-01-09,2028-12-24,39361.69,36,active
POL-0114,CUST-0279,AGT-0002,PROD-001,Motor,2025-02-26,2030-01-31,29543.03,60,lapsed
POL-0115,CUST-0182,AGT-0006,PROD-003,Property,2024-06-12,2025-06-07,22109.01,12,expired
POL-0116,CUST-0221,AGT-0004,PROD-001,Motor,2024-11-01,2029-10-06,43772.01,60,active
POL-0117,CUST-0229,AGT-0012,PROD-001,Motor,2026-02-20,2029-02-04,16214.04,36,active
POL-0118,CUST-0248,AGT-0004,PROD-004,Life,2025-02-11,2027-02-01,47597.39,24,active
POL-0119,CUST-0073,AGT-0012,PROD-003,Property,2025-04-01,2026-03-27,22544.51,12,lapsed
POL-0120,CUST-0179,AGT-0016,PROD-003,Property,2025-06-14,2030-05-19,65977.55,60,lapsed
POL-0121,CUST-0023,AGT-0004,PROD-001,Motor,2025-03-09,2030-02-11,19799.65,60,active
POL-0122,CUST-0125,AGT-0017,PROD-001,Motor,2025-06-14,2026-06-09,33054.16,12,active
POL-0123,CUST-0237,AGT-0008,PROD-002,Health,2024-11-12,2026-11-02,26549.48,24,lapsed
POL-0124,CUST-0203,AGT-0001,PROD-004,Life,2024-08-25,2026-08-15,34910.95,24,lapsed
POL-0125,CUST-0106,AGT-0009,PROD-002,Health,2025-02-25,2030-01-30,29441.79,60,active
POL-0126,CUST-0096,AGT-0012,PROD-001,Motor,2024-10-17,2025-10-12,37581.59,12,lapsed
POL-0127,CUST-0271,AGT-0011,PROD-003,Property,2025-11-11,2030-10-16,22407.07,60,lapsed
POL-0128,CUST-0181,AGT-0015,PROD-004,Life,2024-09-13,2029-08-18,66960.38,60,active
POL-0129,CUST-0069,AGT-0011,PROD-002,Health,2024-07-11,2027-06-26,55934.13,36,active
POL-0130,CUST-0073,AGT-0017,PROD-001,Motor,2025-09-29,2028-09-13,12327.11,36,active
POL-0131,CUST-0096,AGT-0016,PROD-004,Life,2025-03-29,2027-03-19,65984.48,24,lapsed
POL-0132,CUST-0096,AGT-0011,PROD-002,Health,2024-11-09,2026-10-30,34482.1,24,active
POL-0133,CUST-0249,AGT-0005,PROD-004,Life,2024-09-04,2025-08-30,89241.78,12,expired
POL-0134,CUST-0213,AGT-0015,PROD-002,Health,2025-05-03,2030-04-07,30456.72,60,lapsed
POL-0135,CUST-0150,AGT-0002,PROD-004,Life,2025-12-11,2026-12-06,65231.82,12,active
POL-0136,CUST-0290,AGT-0016,PROD-003,Property,2025-10-13,2028-09-27,25933.58,36,lapsed
POL-0137,CUST-0188,AGT-0018,PROD-001,Motor,2024-10-22,2025-10-17,17911.89,12,lapsed
POL-0138,CUST-0127,AGT-0010,PROD-001,Motor,2025-03-06,2027-02-24,44621.7,24,active
POL-0139,CUST-0225,AGT-0004,PROD-001,Motor,2025-02-25,2028-02-10,20897.35,36,active
POL-0140,CUST-0085,AGT-0020,PROD-002,Health,2025-10-29,2028-10-13,53052.43,36,lapsed
POL-0141,CUST-0273,AGT-0009,PROD-002,Health,2025-11-01,2027-10-22,50272.02,24,active
POL-0142,CUST-0264,AGT-0004,PROD-002,Health,2025-07-04,2028-06-18,24466.66,36,active
POL-0143,CUST-0065,AGT-0005,PROD-002,Health,2025-04-05,2026-03-31,59624.31,12,lapsed
POL-0144,CUST-0251,AGT-0005,PROD-002,Health,2026-01-02,2028-12-17,51424.09,36,lapsed
POL-0145,CUST-0048,AGT-0013,PROD-003,Property,2024-08-27,2029-08-01,39386.2,60,active
POL-0146,CUST-0168,AGT-0019,PROD-003,Property,2024-06-19,2027-06-04,44555.22,36,lapsed
POL-0147,CUST-0033,AGT-0018,PROD-001,Motor,2026-02-25,2031-01-30,31489.1,60,active
POL-0148,CUST-0138,AGT-0011,PROD-004,Life,2025-10-20,2030-09-24,85987.81,60,lapsed
POL-0149,CUST-0176,AGT-0002,PROD-003,Property,2025-06-20,2027-06-10,51799.24,24,lapsed
POL-0150,CUST-0226,AGT-0015,PROD-001,Motor,2026-02-19,2031-01-24,8602.41,60,active
POL-0151,CUST-0155,AGT-0006,PROD-001,Motor,2025-03-19,2027-03-09,44840.68,24,active
POL-0152,CUST-0085,AGT-0002,PROD-003,Property,2026-02-25,2029-02-09,31275.3,36,active
POL-0153,CUST-0220,AGT-0003,PROD-004,Life,2024-08-29,2027-08-14,78079.07,36,active
POL-0154,CUST-0116,AGT-0017,PROD-001,Motor,2026-05-30,2028-05-19,25641.85,24,active
POL-0155,CUST-0217,AGT-0005,PROD-004,Life,2026-05-22,2027-05-17,75647.77,12,active
POL-0156,CUST-0053,AGT-0011,PROD-004,Life,2026-03-20,2028-03-09,50645.59,24,active
POL-0157,CUST-0074,AGT-0003,PROD-003,Property,2025-07-29,2027-07-19,39876.87,24,active
POL-0158,CUST-0078,AGT-0014,PROD-001,Motor,2024-09-14,2026-09-04,24283.68,24,active
POL-0159,CUST-0064,AGT-0019,PROD-004,Life,2025-10-21,2026-10-16,91727.44,12,active
POL-0160,CUST-0127,AGT-0009,PROD-004,Life,2025-06-06,2030-05-11,45160.29,60,active
POL-0161,CUST-0155,AGT-0007,PROD-001,Motor,2025-09-19,2028-09-03,36821.88,36,active
POL-0162,CUST-0254,AGT-0013,PROD-002,Health,2025-04-25,2028-04-09,42308.49,36,active
POL-0163,CUST-0271,AGT-0001,PROD-001,Motor,2025-09-27,2030-09-01,31609.05,60,active
POL-0164,CUST-0188,AGT-0018,PROD-003,Property,2025-07-11,2027-07-01,40144.49,24,lapsed
POL-0165,CUST-0008,AGT-0009,PROD-002,Health,2025-02-03,2026-01-29,10834.47,12,expired
POL-0166,CUST-0260,AGT-0010,PROD-002,Health,2026-04-21,2027-04-16,57434.0,12,lapsed
POL-0167,CUST-0143,AGT-0003,PROD-004,Life,2025-03-24,2030-02-26,26594.22,60,active
POL-0168,CUST-0275,AGT-0011,PROD-003,Property,2026-03-12,2028-03-01,78330.37,24,active
POL-0169,CUST-0123,AGT-0002,PROD-004,Life,2024-10-08,2025-10-03,44813.56,12,renewed
POL-0170,CUST-0159,AGT-0006,PROD-002,Health,2026-03-04,2031-02-06,15799.33,60,active
POL-0171,CUST-0255,AGT-0012,PROD-001,Motor,2026-05-19,2028-05-08,33955.49,24,active
POL-0172,CUST-0061,AGT-0001,PROD-003,Property,2025-12-12,2028-11-26,23250.49,36,active
POL-0173,CUST-0296,AGT-0003,PROD-003,Property,2025-03-18,2028-03-02,49050.52,36,active
POL-0174,CUST-0189,AGT-0006,PROD-004,Life,2025-02-19,2028-02-04,24435.13,36,active
POL-0175,CUST-0023,AGT-0001,PROD-003,Property,2026-02-15,2027-02-10,29846.29,12,active
POL-0176,CUST-0092,AGT-0002,PROD-002,Health,2026-04-14,2031-03-19,28198.82,60,active
POL-0177,CUST-0139,AGT-0003,PROD-004,Life,2025-10-14,2028-09-28,39861.05,36,active
POL-0178,CUST-0206,AGT-0003,PROD-003,Property,2026-01-29,2027-01-24,26657.38,12,active
POL-0179,CUST-0005,AGT-0012,PROD-004,Life,2025-08-15,2028-07-30,46184.07,36,lapsed
POL-0180,CUST-0238,AGT-0012,PROD-002,Health,2025-08-06,2028-07-21,46978.8,36,active
POL-0181,CUST-0013,AGT-0008,PROD-004,Life,2025-11-12,2027-11-02,32045.31,24,lapsed
POL-0182,CUST-0193,AGT-0010,PROD-003,Property,2024-08-18,2025-08-13,76814.37,12,expired
POL-0183,CUST-0073,AGT-0009,PROD-001,Motor,2025-11-02,2027-10-23,23533.19,24,active
POL-0184,CUST-0191,AGT-0015,PROD-001,Motor,2026-04-17,2028-04-06,41199.64,24,lapsed
POL-0185,CUST-0202,AGT-0003,PROD-001,Motor,2024-10-14,2025-10-09,26700.83,12,lapsed
POL-0186,CUST-0162,AGT-0013,PROD-001,Motor,2025-03-12,2027-03-02,16760.55,24,active
POL-0187,CUST-0104,AGT-0005,PROD-003,Property,2025-07-10,2030-06-14,32677.13,60,active
POL-0188,CUST-0161,AGT-0014,PROD-001,Motor,2025-12-23,2026-12-18,14081.87,12,lapsed
POL-0189,CUST-0232,AGT-0010,PROD-001,Motor,2024-11-29,2027-11-14,43691.48,36,active
POL-0190,CUST-0021,AGT-0007,PROD-004,Life,2025-09-02,2026-08-28,27233.67,12,active
POL-0191,CUST-0203,AGT-0017,PROD-003,Property,2025-12-31,2026-12-26,61225.23,12,active
POL-0192,CUST-0016,AGT-0013,PROD-001,Motor,2024-07-07,2027-06-22,17626.17,36,active
POL-0193,CUST-0072,AGT-0004,PROD-004,Life,2024-11-08,2026-10-29,27578.02,24,active
POL-0194,CUST-0191,AGT-0003,PROD-001,Motor,2026-03-29,2028-03-18,12836.46,24,lapsed
POL-0195,CUST-0228,AGT-0005,PROD-003,Property,2026-03-16,2027-03-11,79815.49,12,active
POL-0196,CUST-0026,AGT-0006,PROD-001,Motor,2025-06-26,2026-06-21,9579.76,12,lapsed
POL-0197,CUST-0089,AGT-0012,PROD-004,Life,2025-04-22,2030-03-27,22358.58,60,lapsed
POL-0198,CUST-0018,AGT-0020,PROD-002,Health,2025-11-21,2028-11-05,23992.73,36,active
POL-0199,CUST-0032,AGT-0003,PROD-002,Health,2024-08-07,2027-07-23,34944.58,36,lapsed
POL-0200,CUST-0279,AGT-0001,PROD-003,Property,2025-05-04,2027-04-24,42250.26,24,active
POL-0201,CUST-0177,AGT-0019,PROD-004,Life,2025-05-29,2030-05-03,63561.42,60,lapsed
POL-0202,CUST-0113,AGT-0001,PROD-003,Property,2025-04-29,2028-04-13,26688.03,36,active
POL-0203,CUST-0082,AGT-0004,PROD-003,Property,2026-04-02,2031-03-07,49413.1,60,active
POL-0204,CUST-0113,AGT-0019,PROD-002,Health,2024-07-28,2026-07-18,23326.35,24,active
POL-0205,CUST-0184,AGT-0019,PROD-004,Life,2025-06-02,2027-05-23,34088.03,24,active
POL-0206,CUST-0289,AGT-0007,PROD-001,Motor,2024-06-10,2027-05-26,43059.67,36,active
POL-0207,CUST-0047,AGT-0002,PROD-004,Life,2024-11-22,2027-11-07,34044.54,36,active
POL-0208,CUST-0001,AGT-0011,PROD-002,Health,2024-09-22,2026-09-12,10996.4,24,lapsed
POL-0209,CUST-0031,AGT-0001,PROD-002,Health,2026-01-18,2029-01-02,45846.88,36,active
POL-0210,CUST-0038,AGT-0012,PROD-002,Health,2024-10-08,2026-09-28,48718.32,24,active
POL-0211,CUST-0070,AGT-0006,PROD-004,Life,2024-10-08,2025-10-03,46924.89,12,renewed
POL-0212,CUST-0288,AGT-0020,PROD-004,Life,2024-08-15,2029-07-20,71934.42,60,active
POL-0213,CUST-0066,AGT-0006,PROD-003,Property,2025-10-15,2027-10-05,39594.97,24,active
POL-0214,CUST-0094,AGT-0020,PROD-001,Motor,2024-06-12,2029-05-17,39478.01,60,active
POL-0215,CUST-0255,AGT-0005,PROD-003,Property,2024-09-12,2026-09-02,56577.04,24,active
POL-0216,CUST-0086,AGT-0003,PROD-003,Property,2026-03-13,2028-03-02,37542.66,24,active
POL-0217,CUST-0035,AGT-0012,PROD-003,Property,2025-02-28,2026-02-23,32238.81,12,expired
POL-0218,CUST-0215,AGT-0006,PROD-003,Property,2026-02-10,2027-02-05,18129.58,12,lapsed
POL-0219,CUST-0052,AGT-0016,PROD-004,Life,2025-01-12,2029-12-17,48098.49,60,lapsed
POL-0220,CUST-0151,AGT-0001,PROD-002,Health,2025-12-16,2030-11-20,13685.47,60,active
POL-0221,CUST-0193,AGT-0006,PROD-003,Property,2025-09-06,2026-09-01,19823.03,12,active
POL-0222,CUST-0248,AGT-0001,PROD-001,Motor,2024-11-17,2025-11-12,20504.17,12,lapsed
POL-0223,CUST-0081,AGT-0002,PROD-004,Life,2024-07-31,2026-07-21,68585.41,24,lapsed
POL-0224,CUST-0284,AGT-0018,PROD-001,Motor,2025-06-26,2027-06-16,44052.74,24,lapsed
POL-0225,CUST-0026,AGT-0013,PROD-003,Property,2024-07-24,2027-07-09,34331.04,36,active
POL-0226,CUST-0045,AGT-0010,PROD-004,Life,2025-12-25,2026-12-20,48866.31,12,lapsed
POL-0227,CUST-0150,AGT-0003,PROD-004,Life,2025-11-08,2026-11-03,22058.86,12,active
POL-0228,CUST-0251,AGT-0009,PROD-004,Life,2026-02-02,2029-01-17,82790.13,36,lapsed
POL-0229,CUST-0190,AGT-0006,PROD-001,Motor,2024-08-12,2029-07-17,14840.61,60,lapsed
POL-0230,CUST-0116,AGT-0009,PROD-004,Life,2026-04-16,2029-03-31,55179.23,36,active
POL-0231,CUST-0278,AGT-0014,PROD-001,Motor,2025-12-28,2026-12-23,11171.17,12,active
POL-0232,CUST-0215,AGT-0018,PROD-002,Health,2024-11-11,2025-11-06,52039.86,12,lapsed
POL-0233,CUST-0203,AGT-0002,PROD-004,Life,2024-10-22,2026-10-12,58100.98,24,active
POL-0234,CUST-0109,AGT-0007,PROD-002,Health,2026-01-28,2031-01-02,18643.95,60,active
POL-0235,CUST-0104,AGT-0005,PROD-002,Health,2026-04-18,2031-03-23,13918.43,60,lapsed
POL-0236,CUST-0283,AGT-0011,PROD-003,Property,2025-07-08,2026-07-03,20656.78,12,lapsed
POL-0237,CUST-0268,AGT-0014,PROD-003,Property,2024-12-15,2029-11-19,74615.52,60,active
POL-0238,CUST-0055,AGT-0019,PROD-001,Motor,2025-04-02,2027-03-23,13483.39,24,active
POL-0239,CUST-0197,AGT-0016,PROD-001,Motor,2025-08-12,2028-07-27,40482.06,36,active
POL-0240,CUST-0206,AGT-0002,PROD-004,Life,2026-04-23,2028-04-12,42033.13,24,active
POL-0241,CUST-0138,AGT-0012,PROD-004,Life,2025-06-26,2027-06-16,23943.28,24,lapsed
POL-0242,CUST-0051,AGT-0008,PROD-001,Motor,2025-06-20,2028-06-04,19505.12,36,lapsed
POL-0243,CUST-0138,AGT-0014,PROD-002,Health,2025-07-28,2030-07-02,48701.55,60,active
POL-0244,CUST-0249,AGT-0017,PROD-001,Motor,2025-11-20,2030-10-25,15821.45,60,lapsed
POL-0245,CUST-0070,AGT-0017,PROD-003,Property,2026-04-04,2028-03-24,19265.1,24,lapsed
POL-0246,CUST-0030,AGT-0008,PROD-001,Motor,2025-12-05,2027-11-25,40381.68,24,active
POL-0247,CUST-0102,AGT-0009,PROD-001,Motor,2025-02-18,2026-02-13,41967.15,12,lapsed
POL-0248,CUST-0016,AGT-0008,PROD-003,Property,2025-02-10,2030-01-15,56301.64,60,active
POL-0249,CUST-0283,AGT-0012,PROD-003,Property,2025-01-16,2029-12-21,26542.94,60,lapsed
POL-0250,CUST-0146,AGT-0001,PROD-003,Property,2025-12-15,2028-11-29,63682.47,36,active
POL-0251,CUST-0114,AGT-0008,PROD-004,Life,2026-04-11,2028-03-31,88305.71,24,active
POL-0252,CUST-0243,AGT-0005,PROD-002,Health,2025-08-29,2030-08-03,35664.06,60,active
POL-0253,CUST-0157,AGT-0009,PROD-002,Health,2024-09-23,2025-09-18,21188.5,12,lapsed
POL-0254,CUST-0239,AGT-0010,PROD-004,Life,2025-05-11,2028-04-25,56719.84,36,active
POL-0255,CUST-0192,AGT-0018,PROD-004,Life,2024-10-10,2025-10-05,20587.81,12,lapsed
POL-0256,CUST-0142,AGT-0011,PROD-003,Property,2025-07-30,2026-07-25,46313.0,12,active
POL-0257,CUST-0030,AGT-0020,PROD-003,Property,2025-09-06,2028-08-21,27243.41,36,active
POL-0258,CUST-0255,AGT-0010,PROD-004,Life,2024-07-24,2027-07-09,74460.46,36,active
POL-0259,CUST-0299,AGT-0019,PROD-003,Property,2025-03-29,2030-03-03,40237.87,60,active
POL-0260,CUST-0184,AGT-0017,PROD-002,Health,2025-06-14,2027-06-04,44315.91,24,lapsed
POL-0261,CUST-0066,AGT-0009,PROD-003,Property,2025-12-08,2027-11-28,34095.96,24,lapsed
POL-0262,CUST-0182,AGT-0008,PROD-002,Health,2024-07-04,2027-06-19,42721.73,36,active
POL-0263,CUST-0238,AGT-0004,PROD-003,Property,2025-03-27,2028-03-11,39159.36,36,active
POL-0264,CUST-0257,AGT-0004,PROD-004,Life,2026-04-07,2027-04-02,57777.57,12,active
POL-0265,CUST-0071,AGT-0007,PROD-004,Life,2024-12-05,2027-11-20,53048.58,36,active
POL-0266,CUST-0042,AGT-0016,PROD-003,Property,2025-04-07,2030-03-12,24309.57,60,active
POL-0267,CUST-0003,AGT-0015,PROD-003,Property,2024-08-23,2026-08-13,35371.91,24,active
POL-0268,CUST-0251,AGT-0003,PROD-003,Property,2025-10-29,2027-10-19,52458.13,24,active
POL-0269,CUST-0220,AGT-0016,PROD-002,Health,2024-09-09,2029-08-14,41674.38,60,lapsed
POL-0270,CUST-0008,AGT-0011,PROD-004,Life,2026-05-27,2027-05-22,62702.61,12,active
POL-0271,CUST-0116,AGT-0012,PROD-002,Health,2026-05-13,2027-05-08,41334.35,12,active
POL-0272,CUST-0086,AGT-0003,PROD-003,Property,2026-01-19,2027-01-14,39930.78,12,active
POL-0273,CUST-0223,AGT-0005,PROD-001,Motor,2025-07-30,2028-07-14,24869.27,36,active
POL-0274,CUST-0207,AGT-0001,PROD-003,Property,2025-01-15,2027-12-31,63757.51,36,active
POL-0275,CUST-0259,AGT-0006,PROD-002,Health,2025-10-14,2027-10-04,20559.51,24,active
POL-0276,CUST-0131,AGT-0018,PROD-001,Motor,2025-05-21,2026-05-16,21882.12,12,lapsed
POL-0277,CUST-0011,AGT-0002,PROD-001,Motor,2024-09-30,2025-09-25,32492.89,12,lapsed
POL-0278,CUST-0243,AGT-0005,PROD-001,Motor,2025-03-31,2030-03-05,22069.39,60,active
POL-0279,CUST-0052,AGT-0017,PROD-002,Health,2024-06-19,2025-06-14,25055.82,12,lapsed
POL-0280,CUST-0262,AGT-0020,PROD-003,Property,2024-09-01,2026-08-22,42223.67,24,active
POL-0281,CUST-0102,AGT-0020,PROD-001,Motor,2025-08-15,2026-08-10,37036.12,12,lapsed
POL-0282,CUST-0152,AGT-0006,PROD-002,Health,2025-09-04,2027-08-25,27896.09,24,lapsed
POL-0283,CUST-0170,AGT-0008,PROD-001,Motor,2024-11-16,2029-10-21,41683.2,60,lapsed
POL-0284,CUST-0077,AGT-0003,PROD-001,Motor,2026-05-18,2027-05-13,41554.56,12,lapsed
POL-0285,CUST-0152,AGT-0009,PROD-001,Motor,2026-02-17,2029-02-01,31840.46,36,lapsed
POL-0286,CUST-0149,AGT-0012,PROD-004,Life,2026-04-10,2027-04-05,85054.27,12,active
POL-0287,CUST-0005,AGT-0005,PROD-003,Property,2025-03-21,2026-03-16,21174.9,12,expired
POL-0288,CUST-0048,AGT-0012,PROD-002,Health,2025-06-29,2028-06-13,54726.38,36,active
POL-0289,CUST-0140,AGT-0013,PROD-003,Property,2025-11-25,2026-11-20,41050.54,12,lapsed
POL-0290,CUST-0082,AGT-0004,PROD-004,Life,2025-03-26,2027-03-16,29044.52,24,active
POL-0291,CUST-0093,AGT-0020,PROD-004,Life,2024-10-04,2029-09-08,84181.18,60,lapsed
POL-0292,CUST-0067,AGT-0016,PROD-004,Life,2025-05-29,2026-05-24,89006.06,12,lapsed
POL-0293,CUST-0134,AGT-0011,PROD-004,Life,2026-02-05,2031-01-10,55255.03,60,active
POL-0294,CUST-0174,AGT-0017,PROD-001,Motor,2024-06-09,2026-05-30,44182.14,24,lapsed
POL-0295,CUST-0077,AGT-0018,PROD-001,Motor,2025-03-14,2027-03-04,25831.4,24,lapsed
POL-0296,CUST-0254,AGT-0006,PROD-001,Motor,2026-05-20,2028-05-09,26706.0,24,lapsed
POL-0297,CUST-0026,AGT-0017,PROD-001,Motor,2025-01-13,2027-12-29,16913.0,36,active
POL-0298,CUST-0041,AGT-0015,PROD-002,Health,2024-11-14,2029-10-19,30163.85,60,active
POL-0299,CUST-0229,AGT-0011,PROD-004,Life,2024-10-22,2029-09-26,27041.59,60,lapsed
POL-0300,CUST-0019,AGT-0018,PROD-001,Motor,2025-01-07,2026-01-02,11797.8,12,renewed
POL-0301,CUST-0234,AGT-0011,PROD-001,Motor,2026-02-27,2029-02-11,40934.1,36,active
POL-0302,CUST-0287,AGT-0020,PROD-003,Property,2026-04-06,2028-03-26,69880.63,24,active
POL-0303,CUST-0050,AGT-0008,PROD-004,Life,2024-07-28,2027-07-13,77273.08,36,active
POL-0304,CUST-0281,AGT-0017,PROD-001,Motor,2025-06-16,2028-05-31,38705.7,36,active
POL-0305,CUST-0253,AGT-0005,PROD-003,Property,2024-06-12,2025-06-07,17975.58,12,expired
POL-0306,CUST-0062,AGT-0013,PROD-004,Life,2026-02-11,2029-01-26,68868.14,36,active
POL-0307,CUST-0213,AGT-0002,PROD-002,Health,2025-02-17,2027-02-07,45839.4,24,active
POL-0308,CUST-0256,AGT-0001,PROD-001,Motor,2025-02-24,2030-01-29,32362.9,60,active
POL-0309,CUST-0261,AGT-0006,PROD-001,Motor,2024-11-11,2029-10-16,39036.2,60,lapsed
POL-0310,CUST-0259,AGT-0013,PROD-002,Health,2026-01-20,2027-01-15,29370.28,12,active
POL-0311,CUST-0151,AGT-0015,PROD-004,Life,2024-09-15,2026-09-05,41887.67,24,active
POL-0312,CUST-0281,AGT-0011,PROD-002,Health,2026-01-10,2030-12-15,40126.22,60,active
POL-0313,CUST-0177,AGT-0005,PROD-002,Health,2025-11-07,2027-10-28,41208.38,24,active
POL-0314,CUST-0288,AGT-0016,PROD-002,Health,2025-01-01,2027-12-17,45517.64,36,active
POL-0315,CUST-0007,AGT-0017,PROD-004,Life,2024-07-10,2027-06-25,90198.18,36,lapsed
POL-0316,CUST-0103,AGT-0009,PROD-001,Motor,2026-05-06,2031-04-10,13377.09,60,active
POL-0317,CUST-0152,AGT-0007,PROD-002,Health,2025-08-11,2028-07-26,17321.42,36,active
POL-0318,CUST-0288,AGT-0013,PROD-001,Motor,2025-05-29,2030-05-03,11791.76,60,active
POL-0319,CUST-0196,AGT-0013,PROD-002,Health,2024-12-24,2027-12-09,44646.8,36,active
POL-0320,CUST-0007,AGT-0009,PROD-004,Life,2024-06-29,2027-06-14,97266.66,36,active
POL-0321,CUST-0280,AGT-0020,PROD-002,Health,2024-09-03,2029-08-08,51499.17,60,active
POL-0322,CUST-0096,AGT-0006,PROD-002,Health,2025-11-14,2028-10-29,32440.75,36,active
POL-0323,CUST-0136,AGT-0005,PROD-001,Motor,2025-05-10,2026-05-05,23854.79,12,lapsed
POL-0324,CUST-0080,AGT-0002,PROD-002,Health,2024-10-10,2027-09-25,10282.26,36,lapsed
POL-0325,CUST-0252,AGT-0019,PROD-002,Health,2025-07-05,2026-06-30,48683.05,12,active
POL-0326,CUST-0267,AGT-0003,PROD-003,Property,2026-03-18,2029-03-02,49150.68,36,active
POL-0327,CUST-0110,AGT-0011,PROD-002,Health,2025-04-01,2030-03-06,14597.28,60,active
POL-0328,CUST-0288,AGT-0001,PROD-003,Property,2025-05-27,2028-05-11,29198.94,36,lapsed
POL-0329,CUST-0021,AGT-0011,PROD-001,Motor,2024-07-16,2027-07-01,24489.69,36,active
POL-0330,CUST-0013,AGT-0017,PROD-004,Life,2026-02-04,2031-01-09,40527.24,60,active
POL-0331,CUST-0099,AGT-0011,PROD-003,Property,2024-12-21,2029-11-25,46642.31,60,active
POL-0332,CUST-0034,AGT-0007,PROD-001,Motor,2026-02-22,2028-02-12,43950.26,24,active
POL-0333,CUST-0276,AGT-0014,PROD-002,Health,2024-06-29,2029-06-03,51783.25,60,active
POL-0334,CUST-0020,AGT-0003,PROD-001,Motor,2024-06-28,2026-06-18,8878.86,24,active
POL-0335,CUST-0295,AGT-0008,PROD-001,Motor,2026-04-06,2028-03-26,37385.95,24,active
POL-0336,CUST-0222,AGT-0011,PROD-003,Property,2025-04-09,2030-03-14,44323.17,60,lapsed
POL-0337,CUST-0033,AGT-0019,PROD-001,Motor,2025-04-28,2026-04-23,27788.87,12,lapsed
POL-0338,CUST-0055,AGT-0010,PROD-001,Motor,2024-06-13,2025-06-08,21234.91,12,lapsed
POL-0339,CUST-0196,AGT-0013,PROD-003,Property,2024-09-17,2025-09-12,33298.63,12,renewed
POL-0340,CUST-0201,AGT-0018,PROD-001,Motor,2025-01-31,2027-01-21,27738.31,24,active
POL-0341,CUST-0006,AGT-0018,PROD-003,Property,2024-08-20,2026-08-10,34373.67,24,active
POL-0342,CUST-0276,AGT-0018,PROD-002,Health,2026-01-25,2027-01-20,10251.49,12,lapsed
POL-0343,CUST-0109,AGT-0014,PROD-001,Motor,2025-07-23,2027-07-13,35686.97,24,active
POL-0344,CUST-0100,AGT-0004,PROD-002,Health,2025-12-18,2027-12-08,21039.4,24,active
POL-0345,CUST-0237,AGT-0018,PROD-002,Health,2024-07-13,2025-07-08,52569.39,12,lapsed
POL-0346,CUST-0298,AGT-0016,PROD-001,Motor,2025-08-07,2026-08-02,17275.44,12,active
POL-0347,CUST-0052,AGT-0010,PROD-003,Property,2025-05-31,2027-05-21,58634.21,24,active
POL-0348,CUST-0157,AGT-0019,PROD-001,Motor,2025-11-14,2028-10-29,25976.87,36,active
POL-0349,CUST-0087,AGT-0001,PROD-002,Health,2024-10-29,2027-10-14,50384.99,36,lapsed
POL-0350,CUST-0142,AGT-0012,PROD-003,Property,2025-09-21,2027-09-11,61292.94,24,lapsed
POL-0351,CUST-0229,AGT-0012,PROD-002,Health,2024-07-05,2027-06-20,53894.29,36,lapsed
POL-0352,CUST-0042,AGT-0009,PROD-003,Property,2025-01-18,2026-01-13,26425.06,12,lapsed
POL-0353,CUST-0039,AGT-0001,PROD-002,Health,2024-11-26,2026-11-16,23161.73,24,active
POL-0354,CUST-0019,AGT-0018,PROD-001,Motor,2024-10-13,2029-09-17,36460.41,60,active
POL-0355,CUST-0188,AGT-0013,PROD-003,Property,2024-11-21,2029-10-26,57504.03,60,active
POL-0356,CUST-0204,AGT-0012,PROD-002,Health,2024-10-05,2027-09-20,16694.06,36,active
POL-0357,CUST-0264,AGT-0005,PROD-001,Motor,2024-07-22,2026-07-12,39375.33,24,active
POL-0358,CUST-0248,AGT-0012,PROD-004,Life,2025-12-19,2027-12-09,65308.58,24,active
POL-0359,CUST-0190,AGT-0008,PROD-001,Motor,2025-10-19,2030-09-23,16574.75,60,active
POL-0360,CUST-0199,AGT-0016,PROD-001,Motor,2024-07-16,2026-07-06,27161.75,24,active
POL-0361,CUST-0053,AGT-0017,PROD-004,Life,2026-04-14,2027-04-09,98447.18,12,active
POL-0362,CUST-0188,AGT-0019,PROD-003,Property,2025-09-04,2027-08-25,39482.87,24,lapsed
POL-0363,CUST-0265,AGT-0013,PROD-001,Motor,2024-12-18,2027-12-03,21924.16,36,active
POL-0364,CUST-0257,AGT-0005,PROD-003,Property,2025-06-12,2030-05-17,66522.73,60,active
POL-0365,CUST-0109,AGT-0005,PROD-004,Life,2025-12-13,2027-12-03,26167.06,24,active
POL-0366,CUST-0118,AGT-0014,PROD-002,Health,2025-12-21,2028-12-05,40101.01,36,active
POL-0367,CUST-0108,AGT-0019,PROD-003,Property,2026-02-04,2031-01-09,58889.91,60,lapsed
POL-0368,CUST-0066,AGT-0019,PROD-002,Health,2024-08-07,2029-07-12,11122.3,60,active
POL-0369,CUST-0029,AGT-0006,PROD-002,Health,2026-01-14,2027-01-09,54539.88,12,active
POL-0370,CUST-0146,AGT-0003,PROD-003,Property,2025-11-28,2030-11-02,53958.24,60,active
POL-0371,CUST-0113,AGT-0014,PROD-002,Health,2025-02-26,2030-01-31,53365.12,60,active
POL-0372,CUST-0086,AGT-0011,PROD-002,Health,2024-10-12,2026-10-02,41160.59,24,active
POL-0373,CUST-0068,AGT-0004,PROD-004,Life,2024-09-28,2025-09-23,38385.1,12,renewed
POL-0374,CUST-0091,AGT-0016,PROD-001,Motor,2025-11-05,2030-10-10,38581.02,60,active
POL-0375,CUST-0067,AGT-0020,PROD-001,Motor,2024-12-03,2025-11-28,11448.03,12,lapsed
POL-0376,CUST-0023,AGT-0017,PROD-001,Motor,2024-07-06,2029-06-10,27315.64,60,active
POL-0377,CUST-0180,AGT-0019,PROD-004,Life,2025-10-09,2030-09-13,83164.45,60,lapsed
POL-0378,CUST-0043,AGT-0010,PROD-001,Motor,2025-03-22,2027-03-12,17417.17,24,active
POL-0379,CUST-0296,AGT-0017,PROD-004,Life,2025-09-10,2027-08-31,20437.56,24,active
POL-0380,CUST-0162,AGT-0014,PROD-001,Motor,2024-12-15,2025-12-10,21876.11,12,expired
POL-0381,CUST-0134,AGT-0018,PROD-003,Property,2026-02-11,2028-02-01,42694.65,24,active
POL-0382,CUST-0105,AGT-0014,PROD-004,Life,2024-10-30,2027-10-15,68950.45,36,lapsed
POL-0383,CUST-0130,AGT-0010,PROD-004,Life,2025-11-29,2028-11-13,64727.51,36,lapsed
POL-0384,CUST-0118,AGT-0015,PROD-003,Property,2024-06-08,2029-05-13,62825.86,60,active
POL-0385,CUST-0282,AGT-0020,PROD-002,Health,2026-02-18,2028-02-08,35417.18,24,active
POL-0386,CUST-0047,AGT-0005,PROD-001,Motor,2025-12-18,2030-11-22,43689.1,60,active
POL-0387,CUST-0114,AGT-0012,PROD-004,Life,2024-09-24,2029-08-29,27051.26,60,active
POL-0388,CUST-0267,AGT-0010,PROD-001,Motor,2024-09-15,2025-09-10,34806.3,12,renewed
POL-0389,CUST-0266,AGT-0010,PROD-001,Motor,2025-12-03,2030-11-07,24241.97,60,active
POL-0390,CUST-0185,AGT-0008,PROD-002,Health,2026-04-27,2028-04-16,40759.5,24,active
POL-0391,CUST-0181,AGT-0013,PROD-001,Motor,2025-12-21,2026-12-16,44882.23,12,lapsed
POL-0392,CUST-0047,AGT-0018,PROD-004,Life,2024-10-08,2026-09-28,61419.42,24,active
POL-0393,CUST-0116,AGT-0020,PROD-003,Property,2024-11-05,2027-10-21,37585.88,36,active
POL-0394,CUST-0090,AGT-0014,PROD-002,Health,2025-02-20,2030-01-25,38745.34,60,active
POL-0395,CUST-0060,AGT-0017,PROD-001,Motor,2024-11-05,2025-10-31,26617.26,12,renewed
POL-0396,CUST-0289,AGT-0016,PROD-003,Property,2024-11-27,2027-11-12,60122.47,36,lapsed
POL-0397,CUST-0247,AGT-0004,PROD-002,Health,2025-06-18,2030-05-23,44079.73,60,active
POL-0398,CUST-0118,AGT-0011,PROD-003,Property,2026-03-23,2031-02-25,56188.02,60,active
POL-0399,CUST-0128,AGT-0010,PROD-004,Life,2025-06-04,2026-05-30,76065.48,12,renewed
POL-0400,CUST-0244,AGT-0011,PROD-001,Motor,2025-04-18,2028-04-02,10813.07,36,active
POL-0401,CUST-0256,AGT-0007,PROD-003,Property,2025-10-20,2028-10-04,26880.99,36,active
POL-0402,CUST-0128,AGT-0020,PROD-002,Health,2025-09-26,2028-09-10,20338.93,36,active
POL-0403,CUST-0253,AGT-0020,PROD-003,Property,2025-12-23,2026-12-18,22792.1,12,active
POL-0404,CUST-0162,AGT-0016,PROD-001,Motor,2024-11-23,2025-11-18,39376.39,12,renewed
POL-0405,CUST-0204,AGT-0008,PROD-003,Property,2025-01-14,2027-01-04,78985.65,24,active
POL-0406,CUST-0258,AGT-0012,PROD-002,Health,2026-04-06,2031-03-11,33916.0,60,active
POL-0407,CUST-0266,AGT-0015,PROD-004,Life,2024-06-28,2026-06-18,56575.68,24,active
POL-0408,CUST-0195,AGT-0019,PROD-003,Property,2024-06-25,2025-06-20,15768.3,12,expired
POL-0409,CUST-0096,AGT-0018,PROD-001,Motor,2025-07-02,2028-06-16,30672.79,36,active
POL-0410,CUST-0188,AGT-0006,PROD-003,Property,2025-10-01,2028-09-15,45637.45,36,active
POL-0411,CUST-0187,AGT-0013,PROD-004,Life,2025-03-23,2027-03-13,53527.44,24,active
POL-0412,CUST-0052,AGT-0009,PROD-003,Property,2025-02-24,2027-02-14,52141.63,24,active
POL-0413,CUST-0075,AGT-0005,PROD-002,Health,2024-11-09,2029-10-14,52815.44,60,active
POL-0414,CUST-0265,AGT-0018,PROD-004,Life,2026-05-22,2028-05-11,53721.65,24,active
POL-0415,CUST-0204,AGT-0004,PROD-003,Property,2025-01-18,2028-01-03,31313.31,36,active
POL-0416,CUST-0050,AGT-0015,PROD-002,Health,2026-03-31,2028-03-20,50690.9,24,lapsed
POL-0417,CUST-0177,AGT-0001,PROD-003,Property,2025-09-07,2028-08-22,38419.93,36,active
POL-0418,CUST-0296,AGT-0019,PROD-004,Life,2026-01-27,2029-01-11,89389.49,36,active
POL-0419,CUST-0229,AGT-0003,PROD-002,Health,2025-08-13,2028-07-28,26254.51,36,lapsed
POL-0420,CUST-0086,AGT-0011,PROD-004,Life,2024-09-10,2027-08-26,57100.17,36,active
POL-0421,CUST-0041,AGT-0006,PROD-004,Life,2024-08-23,2029-07-28,87912.06,60,active
POL-0422,CUST-0137,AGT-0020,PROD-003,Property,2025-10-10,2028-09-24,35597.09,36,active
POL-0423,CUST-0267,AGT-0015,PROD-004,Life,2025-08-27,2030-08-01,82477.92,60,active
POL-0424,CUST-0121,AGT-0009,PROD-004,Life,2025-12-11,2027-12-01,88336.95,24,active
POL-0425,CUST-0033,AGT-0016,PROD-001,Motor,2025-10-28,2027-10-18,22690.69,24,active
POL-0426,CUST-0054,AGT-0009,PROD-001,Motor,2026-05-05,2031-04-09,27387.36,60,active
POL-0427,CUST-0146,AGT-0015,PROD-002,Health,2026-03-06,2031-02-08,25468.53,60,active
POL-0428,CUST-0167,AGT-0016,PROD-002,Health,2026-01-17,2028-01-07,11428.56,24,active
POL-0429,CUST-0277,AGT-0006,PROD-004,Life,2024-11-24,2027-11-09,63883.62,36,active
POL-0430,CUST-0178,AGT-0016,PROD-004,Life,2024-08-23,2029-07-28,61876.78,60,active
POL-0431,CUST-0134,AGT-0005,PROD-002,Health,2026-03-01,2031-02-03,25393.41,60,lapsed
POL-0432,CUST-0177,AGT-0010,PROD-003,Property,2026-05-21,2027-05-16,49015.56,12,active
POL-0433,CUST-0245,AGT-0010,PROD-004,Life,2024-11-30,2025-11-25,75021.6,12,renewed
POL-0434,CUST-0281,AGT-0012,PROD-001,Motor,2025-03-17,2028-03-01,30089.14,36,active
POL-0435,CUST-0200,AGT-0013,PROD-002,Health,2025-04-05,2030-03-10,29737.6,60,active
POL-0436,CUST-0265,AGT-0020,PROD-002,Health,2025-09-04,2026-08-30,31111.97,12,active
POL-0437,CUST-0094,AGT-0005,PROD-003,Property,2025-08-13,2028-07-28,41838.75,36,active
POL-0438,CUST-0252,AGT-0007,PROD-003,Property,2026-02-07,2031-01-12,55152.41,60,active
POL-0439,CUST-0096,AGT-0004,PROD-003,Property,2026-05-12,2028-05-01,18226.08,24,active
POL-0440,CUST-0120,AGT-0003,PROD-003,Property,2025-08-29,2027-08-19,61487.74,24,active
POL-0441,CUST-0160,AGT-0016,PROD-002,Health,2026-05-16,2031-04-20,20859.4,60,lapsed
POL-0442,CUST-0029,AGT-0009,PROD-003,Property,2025-02-11,2026-02-06,36466.16,12,expired
POL-0443,CUST-0196,AGT-0001,PROD-004,Life,2026-03-19,2031-02-21,34528.3,60,active
POL-0444,CUST-0127,AGT-0002,PROD-001,Motor,2025-09-19,2030-08-24,36535.34,60,lapsed
POL-0445,CUST-0243,AGT-0013,PROD-002,Health,2025-02-14,2026-02-09,36056.96,12,expired
POL-0446,CUST-0282,AGT-0017,PROD-003,Property,2025-07-05,2027-06-25,55895.68,24,active
POL-0447,CUST-0185,AGT-0002,PROD-001,Motor,2025-09-14,2030-08-19,31625.24,60,active
POL-0448,CUST-0008,AGT-0006,PROD-002,Health,2026-02-05,2028-01-26,41645.45,24,active
POL-0449,CUST-0005,AGT-0002,PROD-003,Property,2024-10-10,2025-10-05,40727.54,12,expired
POL-0450,CUST-0128,AGT-0006,PROD-004,Life,2024-06-26,2026-06-16,49711.89,24,active
POL-0451,CUST-0031,AGT-0012,PROD-004,Life,2026-02-27,2029-02-11,94467.9,36,active
POL-0452,CUST-0163,AGT-0018,PROD-002,Health,2024-06-12,2025-06-07,16291.37,12,expired
POL-0453,CUST-0184,AGT-0005,PROD-003,Property,2025-03-08,2027-02-26,16387.93,24,lapsed
POL-0454,CUST-0278,AGT-0016,PROD-003,Property,2026-04-21,2031-03-26,60930.69,60,active
POL-0455,CUST-0240,AGT-0009,PROD-002,Health,2024-10-28,2026-10-18,37181.03,24,active
POL-0456,CUST-0278,AGT-0012,PROD-002,Health,2026-03-22,2028-03-11,32469.21,24,active
POL-0457,CUST-0187,AGT-0020,PROD-004,Life,2026-05-31,2031-05-05,78692.62,60,active
POL-0458,CUST-0098,AGT-0017,PROD-002,Health,2025-07-07,2026-07-02,42914.47,12,lapsed
POL-0459,CUST-0210,AGT-0011,PROD-004,Life,2024-11-13,2026-11-03,69043.14,24,active
POL-0460,CUST-0092,AGT-0002,PROD-001,Motor,2026-02-22,2027-02-17,9619.76,12,active
POL-0461,CUST-0293,AGT-0013,PROD-002,Health,2026-02-11,2031-01-16,19580.83,60,active
POL-0462,CUST-0037,AGT-0001,PROD-004,Life,2024-12-09,2027-11-24,23926.85,36,active
POL-0463,CUST-0240,AGT-0002,PROD-002,Health,2024-07-29,2029-07-03,56420.19,60,active
POL-0464,CUST-0137,AGT-0017,PROD-003,Property,2024-11-06,2029-10-11,68431.72,60,active
POL-0465,CUST-0266,AGT-0004,PROD-001,Motor,2026-03-20,2029-03-04,10883.61,36,active
POL-0466,CUST-0292,AGT-0006,PROD-001,Motor,2025-10-07,2030-09-11,15010.04,60,active
POL-0467,CUST-0054,AGT-0006,PROD-004,Life,2026-02-12,2029-01-27,73959.41,36,lapsed
POL-0468,CUST-0274,AGT-0020,PROD-002,Health,2024-11-14,2029-10-19,35234.64,60,active
POL-0469,CUST-0191,AGT-0014,PROD-004,Life,2025-06-05,2028-05-20,64006.51,36,active
POL-0470,CUST-0193,AGT-0018,PROD-004,Life,2025-07-04,2027-06-24,65051.58,24,active
POL-0471,CUST-0001,AGT-0002,PROD-003,Property,2025-05-28,2030-05-02,44087.49,60,lapsed
POL-0472,CUST-0004,AGT-0010,PROD-003,Property,2024-09-28,2025-09-23,48644.61,12,renewed
POL-0473,CUST-0284,AGT-0017,PROD-002,Health,2025-10-24,2028-10-08,11085.07,36,active
POL-0474,CUST-0071,AGT-0009,PROD-002,Health,2026-02-24,2027-02-19,33018.49,12,active
POL-0475,CUST-0048,AGT-0019,PROD-003,Property,2024-10-12,2026-10-02,30144.62,24,active
POL-0476,CUST-0248,AGT-0006,PROD-004,Life,2024-10-26,2026-10-16,78741.28,24,active
POL-0477,CUST-0020,AGT-0019,PROD-004,Life,2024-06-24,2025-06-19,67618.5,12,renewed
POL-0478,CUST-0179,AGT-0014,PROD-004,Life,2026-03-12,2027-03-07,93749.72,12,active
POL-0479,CUST-0196,AGT-0002,PROD-004,Life,2026-01-28,2028-01-18,79814.29,24,active
POL-0480,CUST-0077,AGT-0011,PROD-003,Property,2024-12-11,2025-12-06,35755.58,12,lapsed
POL-0481,CUST-0229,AGT-0020,PROD-002,Health,2025-12-26,2026-12-21,43681.76,12,lapsed
POL-0482,CUST-0076,AGT-0005,PROD-001,Motor,2025-10-16,2030-09-20,18721.97,60,lapsed
POL-0483,CUST-0281,AGT-0013,PROD-003,Property,2026-03-08,2031-02-10,52143.64,60,active
POL-0484,CUST-0070,AGT-0016,PROD-003,Property,2026-03-05,2031-02-07,47618.5,60,active
POL-0485,CUST-0288,AGT-0020,PROD-002,Health,2025-01-17,2029-12-22,42612.42,60,active
POL-0486,CUST-0166,AGT-0019,PROD-002,Health,2025-09-25,2026-09-20,23312.85,12,lapsed
POL-0487,CUST-0098,AGT-0011,PROD-001,Motor,2026-02-05,2031-01-10,23671.0,60,active
POL-0488,CUST-0180,AGT-0020,PROD-003,Property,2024-09-30,2025-09-25,65029.28,12,expired
POL-0489,CUST-0103,AGT-0012,PROD-004,Life,2024-08-31,2026-08-21,55237.07,24,active
POL-0490,CUST-0076,AGT-0010,PROD-002,Health,2026-03-05,2027-02-28,46979.08,12,active
POL-0491,CUST-0012,AGT-0011,PROD-001,Motor,2025-06-14,2026-06-09,19289.37,12,lapsed
POL-0492,CUST-0281,AGT-0016,PROD-002,Health,2024-11-27,2026-11-17,20190.07,24,active
POL-0493,CUST-0270,AGT-0002,PROD-002,Health,2024-06-19,2025-06-14,28830.33,12,lapsed
POL-0494,CUST-0028,AGT-0015,PROD-003,Property,2025-12-08,2026-12-03,33460.88,12,active
POL-0495,CUST-0056,AGT-0001,PROD-001,Motor,2026-03-24,2031-02-26,32433.79,60,active
POL-0496,CUST-0261,AGT-0004,PROD-003,Property,2024-08-05,2029-07-10,30025.96,60,lapsed
POL-0497,CUST-0235,AGT-0018,PROD-003,Property,2025-01-20,2026-01-15,27117.13,12,lapsed
POL-0498,CUST-0171,AGT-0016,PROD-001,Motor,2026-04-21,2028-04-10,42123.99,24,active
POL-0499,CUST-0182,AGT-0010,PROD-004,Life,2025-12-22,2026-12-17,47742.39,12,active
POL-0500,CUST-0199,AGT-0001,PROD-002,Health,2025-01-03,2027-12-19,50594.64,36,active
